ID,拠点名,英名,種別,国,MX,MY,規模,防御,荘園領主,水軍,S1180,S1183,S1184,S1185A,S1185B,SIF,備考
kokuga_yamashiro,山城国衙,Yamashiro Provincial Seat,kokuga,yamashiro,0.469498,0.626993,203,28,,,taira,taira,kamakura,kamakura,kamakura,taira,
kokuga_yamato,大和国衙,Yamato Provincial Seat,kokuga,yamato,0.474282,0.675877,403,36,,,taira,taira,kamakura,kamakura,kamakura,taira,
kokuga_kawachi,河内国衙,Kawachi Provincial Seat,kokuga,kawachi,0.443780,0.667375,218,29,,,taira,taira,kamakura,kamakura,kamakura,taira,
kokuga_izumi,和泉国衙,Izumi Provincial Seat,kokuga,izumi,0.427033,0.686504,127,25,,,taira,taira,kamakura,kamakura,kamakura,taira,
kokuga_settsu,摂津国衙,Settsu Provincial Seat,kokuga,settsu,0.438397,0.645058,272,31,,,taira,taira,kamakura,kamakura,kamakura,taira,
kokuga_iga,伊賀国衙,Iga Provincial Seat,kokuga,iga,0.497010,0.650372,90,24,,,taira,taira,kamakura,kamakura,kamakura,taira,
kokuga_ise,伊勢国衙,Ise Provincial Seat,kokuga,ise,0.528708,0.676939,510,40,,,taira,taira,kamakura,kamakura,kamakura,taira,
kokuga_shima,志摩国衙,Shima Provincial Seat,kokuga,shima,0.547249,0.698193,16,21,,,taira,taira,kamakura,kamakura,kamakura,taira,
kokuga_owari,尾張国衙,Owari Provincial Seat,kokuga,owari,0.557416,0.611052,412,36,,,taira,taira,kamakura,kamakura,kamakura,taira,
kokuga_mikawa,三河国衙,Mikawa Provincial Seat,kokuga,mikawa,0.578947,0.653560,261,30,,,taira,taira,kamakura,kamakura,kamakura,taira,
kokuga_totomi,遠江国衙,Totomi Provincial Seat,kokuga,totomi,0.601675,0.682253,230,29,,,taira,kai,kamakura,kamakura,kamakura,taira,
kokuga_suruga,駿河国衙,Suruga Provincial Seat,kokuga,suruga,0.670455,0.669501,135,25,,,taira,kamakura,kamakura,kamakura,kamakura,kamakura,
kokuga_izu,伊豆国衙,Izu Provincial Seat,kokuga,izu,0.709330,0.698193,62,22,,,taira,kamakura,kamakura,kamakura,kamakura,kamakura,
kokuga_kai,甲斐国衙,Kai Provincial Seat,kokuga,kai,0.689593,0.594049,164,27,,,taira,kai,kamakura,kamakura,kamakura,kai,
kokuga_sagami,相模国衙,Sagami Provincial Seat,kokuga,sagami,0.742225,0.649309,175,27,,,taira,kamakura,kamakura,kamakura,kamakura,kamakura,
kokuga_musashi,武蔵国衙,Musashi Provincial Seat,kokuga,musashi,0.770335,0.606801,720,49,,,taira,kamakura,kamakura,kamakura,kamakura,kamakura,
kokuga_awa_kanto,安房国衙,Awa(Boso) Provincial Seat,kokuga,awa_kanto,0.789474,0.704570,41,22,,,taira,kamakura,kamakura,kamakura,kamakura,kamakura,
kokuga_kazusa,上総国衙,Kazusa Provincial Seat,kokuga,kazusa,0.796651,0.666312,391,36,,,taira,kamakura,kamakura,kamakura,kamakura,kamakura,
kokuga_shimousa,下総国衙,Shimousa Provincial Seat,kokuga,shimousa,0.793062,0.620616,424,37,,,taira,kamakura,kamakura,kamakura,kamakura,kamakura,
kokuga_hitachi,常陸国衙,Hitachi Provincial Seat,kokuga,hitachi,0.834330,0.564293,572,43,,,taira,kamakura,kamakura,kamakura,kamakura,kamakura,
kokuga_omi,近江国衙,Omi Provincial Seat,kokuga,omi,0.487440,0.616366,792,52,,,taira,taira,kamakura,kamakura,kamakura,taira,
kokuga_mino,美濃国衙,Mino Provincial Seat,kokuga,mino,0.548445,0.591923,413,37,,,taira,taira,kamakura,kamakura,kamakura,taira,
kokuga_hida,飛騨国衙,Hida Provincial Seat,kokuga,hida,0.598684,0.509033,24,21,,,taira,taira,kamakura,kamakura,kamakura,taira,
kokuga_shinano,信濃国衙,Shinano Provincial Seat,kokuga,shinano,0.649522,0.515409,294,32,,,taira,kiso,kamakura,kamakura,kamakura,kiso,
kokuga_kozuke,上野国衙,Kozuke Provincial Seat,kokuga,kozuke,0.728469,0.521785,446,38,,,taira,kiso,kamakura,kamakura,kamakura,kiso,
kokuga_shimotsuke,下野国衙,Shimotsuke Provincial Seat,kokuga,shimotsuke,0.759569,0.535600,370,35,,,taira,kamakura,kamakura,kamakura,kamakura,kamakura,
kokuga_mutsu,陸奥国衙,Mutsu Provincial Seat,kokuga,mutsu,0.875598,0.347503,752,50,,,oshu,oshu,oshu,oshu,oshu,oshu,
kokuga_dewa,出羽国衙,Dewa Provincial Seat,kokuga,dewa,0.800837,0.266738,392,36,,,oshu,oshu,oshu,oshu,oshu,oshu,
kokuga_wakasa,若狭国衙,Wakasa Provincial Seat,kokuga,wakasa,0.489833,0.552604,77,23,,,taira,taira,kamakura,kamakura,kamakura,taira,
kokuga_echizen,越前国衙,Echizen Provincial Seat,kokuga,echizen,0.527512,0.499469,449,38,,,taira,kiso,kamakura,kamakura,kamakura,taira,
kokuga_kaga,加賀国衙,Kaga Provincial Seat,kokuga,kaga,0.571172,0.437832,320,33,,,taira,kiso,kamakura,kamakura,kamakura,taira,
kokuga_noto,能登国衙,Noto Provincial Seat,kokuga,noto,0.591507,0.393199,189,28,,,taira,kiso,kamakura,kamakura,kamakura,taira,
kokuga_etchu,越中国衙,Etchu Provincial Seat,kokuga,etchu,0.607656,0.437832,342,34,,,taira,kiso,kamakura,kamakura,kamakura,taira,
kokuga_echigo,越後国衙,Echigo Provincial Seat,kokuga,echigo,0.682416,0.421892,263,31,,,taira,kiso,kamakura,kamakura,kamakura,taira,
kokuga_sado,佐渡国衙,Sado Provincial Seat,kokuga,sado,0.709330,0.332625,15,21,,,taira,taira,kamakura,kamakura,kamakura,taira,
kokuga_tanba,丹波国衙,Tanba Provincial Seat,kokuga,tanba,0.455742,0.582359,237,29,,,taira,taira,kamakura,kamakura,kamakura,taira,
kokuga_tango,丹後国衙,Tango Provincial Seat,kokuga,tango,0.440191,0.522848,99,24,,,taira,taira,taira,kamakura,kamakura,taira,
kokuga_tajima,但馬国衙,Tajima Provincial Seat,kokuga,tajima,0.410885,0.514346,103,24,,,taira,taira,taira,kamakura,kamakura,taira,
kokuga_inaba,因幡国衙,Inaba Provincial Seat,kokuga,inaba,0.374402,0.522848,80,23,,,taira,taira,taira,kamakura,kamakura,taira,
kokuga_hoki,伯耆国衙,Hoki Provincial Seat,kokuga,hoki,0.340311,0.519660,90,24,,,taira,taira,taira,kamakura,kamakura,taira,
kokuga_izumo,出雲国衙,Izumo Provincial Seat,kokuga,izumo,0.284689,0.522848,168,27,,,taira,taira,taira,kamakura,kamakura,taira,
kokuga_iwami,石見国衙,Iwami Provincial Seat,kokuga,iwami,0.249402,0.543039,100,24,,,taira,taira,taira,kamakura,kamakura,taira,
kokuga_oki,隠岐国衙,Oki Provincial Seat,kokuga,oki,0.282895,0.433581,16,21,,,taira,taira,taira,kamakura,kamakura,taira,
kokuga_harima,播磨国衙,Harima Provincial Seat,kokuga,harima,0.389952,0.606801,275,31,,,taira,taira,taira,kamakura,kamakura,taira,
kokuga_mimasaka,美作国衙,Mimasaka Provincial Seat,kokuga,mimasaka,0.340909,0.553666,167,27,,,taira,taira,taira,kamakura,kamakura,taira,
kokuga_bizen,備前国衙,Bizen Provincial Seat,kokuga,bizen,0.342105,0.603613,201,28,,,taira,taira,taira,kamakura,kamakura,taira,
kokuga_bitchu,備中国衙,Bitchu Provincial Seat,kokuga,bitchu,0.319378,0.594049,158,26,,,taira,taira,taira,kamakura,kamakura,taira,
kokuga_bingo,備後国衙,Bingo Provincial Seat,kokuga,bingo,0.302632,0.622742,167,27,,,taira,taira,taira,kamakura,kamakura,taira,
kokuga_aki,安芸国衙,Aki Provincial Seat,kokuga,aki,0.266746,0.622742,175,27,,,taira,taira,taira,taira,kamakura,taira,
kokuga_suo,周防国衙,Suo Provincial Seat,kokuga,suo,0.205144,0.606801,150,26,,,taira,taira,taira,taira,kamakura,taira,
kokuga_nagato,長門国衙,Nagato Provincial Seat,kokuga,nagato,0.174043,0.602550,117,25,,,taira,taira,taira,taira,kamakura,taira,
kokuga_kii,紀伊国衙,Kii Provincial Seat,kokuga,kii,0.427033,0.727949,219,29,,,taira,taira,taira,kamakura,kamakura,taira,
kokuga_awaji,淡路国衙,Awaji Provincial Seat,kokuga,awaji,0.383373,0.669501,56,22,,,taira,taira,taira,kamakura,kamakura,taira,
kokuga_awa_shikoku,阿波国衙,Awa(Shikoku) Provincial Seat,kokuga,awa_shikoku,0.372010,0.693943,165,27,,,taira,taira,taira,taira,kamakura,taira,
kokuga_sanuki,讃岐国衙,Sanuki Provincial Seat,kokuga,sanuki,0.333732,0.658874,113,25,,,taira,taira,taira,taira,kamakura,taira,
kokuga_iyo,伊予国衙,Iyo Provincial Seat,kokuga,iyo,0.257775,0.696068,329,33,,,taira,taira,taira,taira,kamakura,taira,
kokuga_tosa,土佐国衙,Tosa Provincial Seat,kokuga,tosa,0.303230,0.737513,88,24,,,taira,taira,taira,kamakura,kamakura,taira,
kokuga_buzen,豊前国衙,Buzen Provincial Seat,kokuga,buzen,0.156100,0.669501,145,26,,,taira,taira,taira,taira,kamakura,taira,
kokuga_bungo,豊後国衙,Bungo Provincial Seat,kokuga,bungo,0.166866,0.725824,376,35,,,taira,taira,taira,,kamakura,taira,
kokuga_chikuzen,筑前国衙,Chikuzen Provincial Seat,kokuga,chikuzen,0.118421,0.671626,333,33,,,taira,taira,taira,taira,kamakura,taira,
kokuga_chikugo,筑後国衙,Chikugo Provincial Seat,kokuga,chikugo,0.108852,0.686504,239,30,,,taira,taira,taira,taira,kamakura,taira,
kokuga_hizen,肥前国衙,Hizen Provincial Seat,kokuga,hizen,0.093900,0.696068,278,31,,,taira,taira,taira,taira,kamakura,taira,
kokuga_higo,肥後国衙,Higo Provincial Seat,kokuga,higo,0.114234,0.750266,307,32,,,taira,taira,taira,,kamakura,taira,
kokuga_hyuga,日向国衙,Hyuga Provincial Seat,kokuga,hyuga,0.141746,0.884166,140,26,,,taira,taira,taira,,kamakura,taira,
kokuga_osumi,大隅国衙,Osumi Provincial Seat,kokuga,osumi,0.101675,0.904357,181,27,,,taira,taira,taira,,kamakura,taira,
kokuga_satsuma,薩摩国衙,Satsuma Provincial Seat,kokuga,satsuma,0.074163,0.889479,258,30,,,taira,taira,taira,,kamakura,taira,
shoen_kamakura_mikuriya,鎌倉御厨,Kamakura Estate,shoen,sagami,0.752990,0.655685,45,10,jisha,,taira,kamakura,kamakura,kamakura,kamakura,kamakura,
shoen_oba_mikuriya,大庭御厨,Oba Estate,shoen,sagami,0.748804,0.645058,55,10,jisha,,taira,kamakura,kamakura,kamakura,kamakura,kamakura,
shoen_miura,三浦荘,Miura Estate,shoen,sagami,0.767344,0.669501,50,10,buke,,taira,kamakura,kamakura,kamakura,kamakura,kamakura,
shoen_chichibu,秩父牧,Chichibu Pasture,shoen,musashi,0.748206,0.570670,40,10,buke,,taira,kamakura,kamakura,kamakura,kamakura,kamakura,
shoen_kodama,児玉荘,Kodama Estate,shoen,musashi,0.760167,0.552604,35,10,buke,,taira,kamakura,kamakura,kamakura,kamakura,kamakura,
shoen_soma_mikuriya,相馬御厨,Soma Estate,shoen,shimousa,0.799043,0.597237,45,10,jisha,,taira,kamakura,kamakura,kamakura,kamakura,kamakura,
shoen_chiba,千葉荘,Chiba Estate,shoen,shimousa,0.812201,0.638682,55,10,buke,,taira,kamakura,kamakura,kamakura,kamakura,kamakura,
shoen_satake,佐竹荘,Satake Estate,shoen,hitachi,0.848086,0.528162,50,10,buke,,taira,kamakura,kamakura,kamakura,kamakura,kamakura,
shoen_nasu,那須荘,Nasu Estate,shoen,shimotsuke,0.809211,0.492030,35,10,buke,,taira,kamakura,kamakura,kamakura,kamakura,kamakura,
shoen_nitta,新田荘,Nitta Estate,shoen,kozuke,0.747608,0.533475,45,10,buke,,taira,kiso,kamakura,kamakura,kamakura,kiso,
shoen_ashikaga,足利荘,Ashikaga Estate,shoen,shimotsuke,0.774522,0.521785,40,10,buke,,taira,kamakura,kamakura,kamakura,kamakura,kamakura,
shoen_ichijo,一条荘,Ichijo Estate,shoen,kai,0.679426,0.599362,35,10,buke,,taira,kai,kamakura,kamakura,kamakura,kai,
shoen_shioda,塩田荘,Shioda Estate,shoen,shinano,0.666268,0.538789,40,10,sekkanke,,taira,kiso,kamakura,kamakura,kamakura,kiso,
shoen_kanbara,蒲原荘,Kanbara Estate,shoen,suruga,0.686603,0.655685,35,10,kuge,,taira,kamakura,kamakura,kamakura,kamakura,kamakura,
shoen_fuji_omiya,富士大宮,Fuji Grand Shrine,shoen,suruga,0.675837,0.637620,30,10,jisha,,taira,kamakura,kamakura,kamakura,kamakura,kamakura,
shoen_kawai,河合荘,Kawai Estate,shoen,echizen,0.538876,0.483528,40,10,jisha,,taira,kiso,kamakura,kamakura,kamakura,taira,
shoen_kuratsuki,倉月荘,Kuratsuki Estate,shoen,kaga,0.561005,0.442083,35,10,sekkanke,,taira,kiso,kamakura,kamakura,kamakura,taira,
shoen_hakusan,白山宮領,Hakusan Shrine Land,shoen,kaga,0.557416,0.452710,40,10,jisha,,taira,kiso,kamakura,kamakura,kamakura,taira,
shoen_byodoin,平等院領,Byodoin Estate,shoen,yamashiro,0.477273,0.639745,45,10,sekkanke,,taira,taira,kamakura,kamakura,kamakura,taira,
shoen_tobadono,鳥羽殿領,Toba Palace Estate,shoen,yamashiro,0.473086,0.616366,40,10,kuge,,taira,taira,kamakura,kamakura,kamakura,taira,
shoen_iwashimizu,石清水八幡宮領,Iwashimizu Shrine,shoen,yamashiro,0.460526,0.642933,45,10,jisha,,taira,taira,kamakura,kamakura,kamakura,taira,
shoen_kasuga,春日社領,Kasuga Shrine Land,shoen,yamato,0.465311,0.659936,55,10,jisha,,taira,taira,kamakura,kamakura,kamakura,taira,
shoen_kuroda,黒田荘,Kuroda Estate,shoen,yamato,0.482057,0.681190,45,10,jisha,,taira,taira,kamakura,kamakura,kamakura,taira,
shoen_oyama,大山荘,Oyama Estate,shoen,tanba,0.441986,0.574920,40,10,jisha,,taira,taira,kamakura,kamakura,kamakura,taira,
shoen_koyasan,高野山領,Mt. Koya Estate,shoen,kii,0.466507,0.725824,55,10,jisha,,taira,taira,taira,kamakura,kamakura,taira,
shoen_kumano,熊野三山領,Kumano Shrine Land,shoen,kii,0.488038,0.746015,60,10,jisha,,taira,taira,taira,kamakura,kamakura,taira,
shoen_ota,大田荘,Ota Estate,shoen,bingo,0.293660,0.600425,45,10,jisha,,taira,taira,taira,kamakura,kamakura,taira,
shoen_itsukushima,厳島社領,Itsukushima Shrine,shoen,aki,0.257177,0.631243,60,10,jisha,,taira,taira,taira,taira,kamakura,taira,
shoen_yuge,弓削島荘,Yuge Island Estate,shoen,iyo,0.299043,0.691817,30,10,jisha,,taira,taira,taira,taira,kamakura,taira,
shoen_oe,麻植荘,Oe Estate,shoen,awa_shikoku,0.357656,0.695005,40,10,buke,,taira,taira,taira,taira,kamakura,taira,
shoen_yashima,屋島荘,Yashima Estate,shoen,sanuki,0.345096,0.645058,35,10,jisha,,taira,taira,taira,taira,kamakura,taira,
shoen_kanzaki,神埼荘,Kanzaki Estate,shoen,hizen,0.097488,0.679065,60,10,buke,,taira,taira,taira,taira,kamakura,taira,
shoen_usa,宇佐宮領,Usa Shrine Land,shoen,buzen,0.165670,0.684378,55,10,jisha,,taira,taira,taira,taira,kamakura,taira,
shoen_ogata,緒方荘,Ogata Estate,shoen,bungo,0.157895,0.736451,45,10,buke,,taira,taira,taira,,kamakura,taira,
shoen_aso,阿蘇社領,Aso Shrine Land,shoen,higo,0.130383,0.777896,50,10,jisha,,taira,taira,taira,,kamakura,taira,
shoen_shimazu,島津荘,Shimazu Estate,shoen,hyuga,0.128589,0.890542,90,10,sekkanke,,taira,taira,taira,,kamakura,taira,
shoen_hiraizumi,平泉領,Hiraizumi Estate,shoen,mutsu,0.878589,0.231668,80,10,buke,,oshu,oshu,oshu,oshu,oshu,oshu,
shoen_kesen,気仙荘,Kesen Estate,shoen,mutsu,0.896531,0.308183,45,10,buke,,oshu,oshu,oshu,oshu,oshu,oshu,
shoen_shirakawa,白河荘,Shirakawa Estate,shoen,mutsu,0.825359,0.483528,40,10,buke,,oshu,oshu,oshu,oshu,oshu,oshu,
shoen_yusa,遊佐荘,Yusa Estate,shoen,dewa,0.793062,0.279490,40,10,buke,,oshu,oshu,oshu,oshu,oshu,oshu,
tachi_kamakura,鎌倉大倉御所,Kamakura Palace,tachi,sagami,0.739833,0.660999,3000,45,,,taira,kamakura,kamakura,kamakura,kamakura,kamakura,
tachi_kinugasa,衣笠城,Kinugasa Fort,tachi,sagami,0.766746,0.682253,800,35,,,taira,kamakura,kamakura,kamakura,kamakura,kamakura,
tachi_ishibashi,石橋山,Ishibashiyama,tachi,sagami,0.735048,0.669501,400,25,,,taira,kamakura,kamakura,kamakura,kamakura,kamakura,
tachi_oba,大庭館,Oba Residence,tachi,sagami,0.759569,0.653560,900,30,,,taira,kamakura,kamakura,kamakura,kamakura,kamakura,
tachi_yamaki,山木館,Yamaki Residence,tachi,izu,0.713517,0.679065,300,20,,,taira,kamakura,kamakura,kamakura,kamakura,kamakura,
tachi_hojo,北条館,Hojo Residence,tachi,izu,0.699761,0.682253,500,25,,,kamakura,kamakura,kamakura,kamakura,kamakura,kamakura,
tachi_chiba,千葉館,Chiba Residence,tachi,shimousa,0.825957,0.617428,1200,30,,,taira,kamakura,kamakura,kamakura,kamakura,kamakura,
tachi_kazusa,上総一宮館,Kazusa Ichinomiya,tachi,kazusa,0.790072,0.673751,2000,30,,,taira,kamakura,kamakura,kamakura,kamakura,kamakura,
tachi_kanasa,金砂城,Kanasa Fort,tachi,hitachi,0.837321,0.510096,1000,40,,,taira,kamakura,kamakura,kamakura,kamakura,kamakura,
tachi_nitta,新田館,Nitta Residence,tachi,kozuke,0.736842,0.518597,800,28,,,taira,kiso,kamakura,kamakura,kamakura,kiso,
tachi_takeda,武田館,Takeda Residence,tachi,kai,0.691388,0.578108,1500,35,,,kai,kai,kamakura,kamakura,kamakura,kai,
tachi_yoda,依田城,Yoda Fort,tachi,shinano,0.656100,0.520723,700,30,,,kiso,kiso,kamakura,kamakura,kamakura,kiso,
tachi_kiso,木曽館,Kiso Residence,tachi,shinano,0.630383,0.553666,600,25,,,kiso,kiso,kamakura,kamakura,kamakura,kiso,
tachi_jo,城氏館,Jo Residence,tachi,echigo,0.672847,0.402763,1200,32,,,taira,kiso,kamakura,kamakura,kamakura,taira,
tachi_kurikara,倶利伽羅陣,Kurikara Camp,tachi,etchu,0.593301,0.442083,1000,30,,,taira,kiso,kamakura,kamakura,kamakura,taira,
tachi_rokuhara,六波羅館,Rokuhara Palace,tachi,yamashiro,0.479067,0.624867,4000,55,,,taira,taira,kamakura,kamakura,yoshitsune,taira,
tachi_byodoin,宇治平等院,Byodoin Temple,tachi,yamashiro,0.483852,0.645058,600,30,,,taira,taira,kamakura,kamakura,kamakura,taira,
tachi_hojuji,法住寺殿,Hojuji Palace,tachi,yamashiro,0.466507,0.637620,800,28,,,goshirakawa,goshirakawa,goshirakawa,goshirakawa,goshirakawa,goshirakawa,
tachi_fukuhara,福原京,Fukuhara Capital,tachi,settsu,0.422249,0.639745,3500,45,,,taira,taira,kamakura,kamakura,kamakura,taira,
tachi_ichinotani,一ノ谷城郭,Ichinotani Fort,tachi,settsu,0.408493,0.648247,2500,42,,,taira,taira,kamakura,kamakura,kamakura,taira,
tachi_yashima,屋島陣,Yashima Camp,tachi,sanuki,0.332536,0.634431,2000,38,,,taira,taira,taira,taira,kamakura,taira,
tachi_hikoshima,彦島,Hikoshima,tachi,nagato,0.163876,0.617428,1800,35,,,taira,taira,taira,taira,kamakura,taira,
tachi_dazaifu,太宰府,Dazaifu,tachi,chikuzen,0.125000,0.666312,1500,40,,,taira,taira,taira,taira,kamakura,taira,
tachi_hiraizumi,柳之御所,Yanaginogosho,tachi,mutsu,0.890550,0.213603,3000,50,,,oshu,oshu,oshu,oshu,oshu,oshu,
tachi_koromogawa,衣川館,Koromogawa,tachi,mutsu,0.872608,0.257173,400,22,,,oshu,oshu,oshu,oshu,oshu,oshu,
minato_watanabe,渡辺津,Watanabe Harbor,minato,settsu,0.449163,0.654623,40,20,,,taira,taira,kamakura,kamakura,kamakura,taira,
minato_owada,大輪田泊,Owada Harbor,minato,settsu,0.430622,0.634431,60,20,,,taira,taira,kamakura,kamakura,kamakura,taira,
minato_yodo,淀津,Yodo Harbor,minato,yamashiro,0.469498,0.650372,25,20,,,taira,taira,kamakura,kamakura,kamakura,taira,riverPort
minato_atsuta,熱田湊,Atsuta Harbor,minato,owari,0.556818,0.645058,30,20,,,taira,taira,kamakura,kamakura,kamakura,taira,
minato_kuwana,桑名湊,Kuwana Harbor,minato,ise,0.546651,0.609989,25,20,,,taira,taira,kamakura,kamakura,kamakura,taira,
minato_shinagawa,品川湊,Shinagawa Harbor,minato,musashi,0.788278,0.631243,20,20,,,taira,kamakura,kamakura,kamakura,kamakura,kamakura,
minato_miura,三浦湊,Miura Harbor,minato,sagami,0.773325,0.679065,30,20,,,taira,kamakura,kamakura,kamakura,kamakura,kamakura,
minato_naoetsu,直江津,Naoetsu Harbor,minato,echigo,0.669258,0.420829,20,20,,,taira,kiso,kamakura,kamakura,kamakura,taira,
minato_tsuruga,敦賀津,Tsuruga Harbor,minato,echizen,0.522727,0.546227,30,20,,,taira,kiso,kamakura,kamakura,kamakura,taira,
minato_mikuni,三国湊,Mikuni Harbor,minato,echizen,0.520933,0.481403,25,20,,,taira,kiso,kamakura,kamakura,kamakura,taira,
minato_shingu,新宮湊,Shingu Harbor,minato,kii,0.495813,0.743889,45,20,,suigun_kumano,taira,taira,taira,kamakura,kamakura,taira,
minato_muya,撫養湊,Muya Harbor,minato,awa_shikoku,0.377392,0.676939,50,20,,suigun_awa,taira,taira,taira,taira,kamakura,taira,
minato_yashima,屋島湊,Yashima Harbor,minato,sanuki,0.343301,0.626993,35,20,,,taira,taira,taira,taira,kamakura,taira,
minato_mitsuhama,三津浜,Mitsuhama Harbor,minato,iyo,0.244617,0.698193,45,20,,suigun_kono,taira,taira,taira,taira,kamakura,taira,
minato_ushimado,牛窓,Ushimado Harbor,minato,bizen,0.352273,0.612115,25,20,,,taira,taira,taira,kamakura,kamakura,taira,
minato_hakata,博多津,Hakata Harbor,minato,chikuzen,0.114234,0.655685,40,20,,suigun_matsura,taira,taira,taira,taira,kamakura,taira,
