id,武将名,英字名,家名,生年,没年,出典,確認状況,シナリオ1550,シナリオ1560,シナリオ1568,シナリオ1574,シナリオ1578,シナリオ1582
oda_nobunaga,織田信長,Oda Nobunaga,oda,1534,1582,Wikidata / verified data,生没年確認,○,○,○,○,○,○
shibata_katsuie,柴田勝家,Shibata Katsuie,oda,1522,1583,Wikidata / verified data,生没年確認,○,○,○,○,○,○
niwa_nagahide,丹羽長秀,Niwa Nagahide,oda,1535,1585,Wikidata / verified data,生没年確認,○,○,○,○,○,○
hashiba_hideyoshi,羽柴秀吉,Hashiba Hideyoshi,oda,,,未確認,未確認,?,?,?,?,?,?
akechi_mitsuhide,明智光秀,Akechi Mitsuhide,oda,1516,1582,Wikidata / verified data,生没年確認,○,○,○,○,○,○
takigawa_kazumasu,滝川一益,Takigawa Kazumasu,oda,1525,1586,Wikidata / verified data,生没年確認,○,○,○,○,○,○
sakuma_nobumori,佐久間信盛,Sakuma Nobumori,oda,1527,1582,Wikidata / verified data,生没年確認,○,○,○,○,○,○
maeda_toshiie,前田利家,Maeda Toshiie,oda,1538,1599,Wikidata / verified data,生没年確認,×,○,○,○,○,○
ikeda_tsuneoki,池田恒興,Ikeda Tsuneoki,oda,1536,1584,Wikidata / verified data,生没年確認,○,○,○,○,○,○
mori_yoshinari,森可成,Mori Yoshinari,oda,1523,1570,Wikidata / verified data,生没年確認,○,○,○,×,×,×
sassa_narimasa,佐々成政,Sassa Narimasa,oda,1536,1588,Wikidata / verified data,生没年確認,○,○,○,○,○,○
hayashi_hidesada,林秀貞,Hayashi Hidesada,oda,1513,1580,Wikidata / verified data,生没年確認,○,○,○,○,○,×
hori_hidemasa,堀秀政,Hori Hidemasa,oda,1553,1590,Wikidata / verified data,生没年確認,×,×,○,○,○,○
takeda_shingen,武田信玄,Takeda Shingen,takeda,1521,1573,Wikidata / verified data,生没年確認,○,○,○,×,×,×
takeda_katsuyori,武田勝頼,Takeda Katsuyori,takeda,1546,1582,Wikidata / verified data,生没年確認,×,○,○,○,○,○
takeda_nobushige,武田信繁,Takeda Nobushige,takeda,1525,1561,Wikidata / verified data,生没年確認,○,○,×,×,×,×
baba_nobuharu,馬場信春,Baba Nobuharu,takeda,1514,1575,Wikidata / verified data,生没年確認,○,○,○,○,×,×
yamagata_masakage,山県昌景,Yamagata Masakage,takeda,1524,1575,Wikidata / verified data,生没年確認,○,○,○,○,×,×
naito_masatoyo,内藤昌豊,Naito Masatoyo,takeda,1522,1575,Wikidata / verified data,生没年確認,○,○,○,○,×,×
kosaka_masanobu,高坂昌信,Kosaka Masanobu,takeda,,,未確認,未確認,?,?,?,?,?,?
obu_toramasa,飯富虎昌,Obu Toramasa,takeda,1504,1565,Wikidata / verified data,生没年確認,○,○,×,×,×,×
sanada_yukitaka,真田幸隆,Sanada Yukitaka,takeda,1512,1574,Wikidata / verified data,生没年確認,○,○,○,○,×,×
sanada_masayuki,真田昌幸,Sanada Masayuki,takeda,1547,1611,Wikidata / verified data,生没年確認,×,○,○,○,○,○
anayama_baisetsu,穴山梅雪,Anayama Baisetsu,takeda,,,未確認,未確認,?,?,?,?,?,?
oyamada_nobushige,小山田信茂,Oyamada Nobushige,takeda,1545,1582,Wikidata / verified data,生没年確認,×,○,○,○,○,○
uesugi_kenshin,上杉謙信,Uesugi Kenshin,uesugi,1530,1578,Wikidata / verified data,生没年確認,○,○,○,○,○,×
uesugi_kagekatsu,上杉景勝,Uesugi Kagekatsu,uesugi,1556,1623,Wikidata / verified data,生没年確認,×,×,×,○,○,○
naoe_kagetsuna,直江景綱,Naoe Kagetsuna,uesugi,1509,1577,Wikidata / verified data,生没年確認,○,○,○,○,×,×
kakizaki_kageie,柿崎景家,Kakizaki Kageie,uesugi,1513,1574,Wikidata / verified data,生没年確認,○,○,○,○,×,×
usami_sadamitsu,宇佐美定満,Usami Sadamitsu,uesugi,1489,1564,Wikidata / verified data,生没年確認,○,○,×,×,×,×
saito_tomonobu,斎藤朝信,Saito Tomonobu,uesugi,1527,1591,Wikidata / verified data,生没年確認,○,○,○,○,○,○
honjo_shigenaga,本庄繁長,Honjo Shigenaga,uesugi,1540,1614,Wikidata / verified data,生没年確認,×,○,○,○,○,○
amakasu_kagemochi,甘粕景持,Amakasu Kagemochi,uesugi,1501,1604,Wikidata / verified data,生没年確認,○,○,○,○,○,○
naoe_kanetsugu,直江兼続,Naoe Kanetsugu,uesugi,1560,1620,Wikidata / verified data,生没年確認,×,×,×,×,○,○
hojo_ujiyasu,北条氏康,Hojo Ujiyasu,hojo,1515,1571,Wikidata / verified data,生没年確認,○,○,○,×,×,×
hojo_ujimasa,北条氏政,Hojo Ujimasa,hojo,1538,1590,Wikidata / verified data,生没年確認,×,○,○,○,○,○
hojo_tsunashige,北条綱成,Hojo Tsunashige,hojo,1515,1587,Wikidata / verified data,生没年確認,○,○,○,○,○,○
hojo_ujiteru,北条氏照,Hojo Ujiteru,hojo,1542,1590,Wikidata / verified data,生没年確認,×,○,○,○,○,○
hojo_ujikuni,北条氏邦,Hojo Ujikuni,hojo,1548,1597,Wikidata / verified data,生没年確認,×,×,○,○,○,○
matsuda_norihide,松田憲秀,Matsuda Norihide,hojo,,1590,Wikidata / verified data,一部確認,?,?,?,?,?,?
daidoji_masashige,大道寺政繁,Daidoji Masashige,hojo,1533,1590,Wikidata / verified data,生没年確認,○,○,○,○,○,○
fuma_kotaro,風魔小太郎,Fuma Kotaro,hojo,1550,,Wikidata / verified data,一部確認,×,×,○,○,○,○
imagawa_yoshimoto,今川義元,Imagawa Yoshimoto,imagawa,1519,1560,Wikidata / verified data,生没年確認,○,○,×,×,×,×
imagawa_ujizane,今川氏真,Imagawa Ujizane,imagawa,1538,1615,Wikidata / verified data,生没年確認,×,○,○,○,○,○
taigen_sessai,太原雪斎,Taigen Sessai,imagawa,1496,1555,Wikidata / verified data,生没年確認,○,×,×,×,×,×
asahina_yasutomo,朝比奈泰朝,Asahina Yasutomo,imagawa,1538,,Wikidata / verified data,一部確認,×,○,○,○,○,○
okabe_motonobu,岡部元信,Okabe Motonobu,imagawa,1505,1581,Wikidata / verified data,生没年確認,○,○,○,○,○,×
tokugawa_ieyasu,徳川家康,Tokugawa Ieyasu,tokugawa,1543,1616,Wikidata / verified data,生没年確認,×,○,○,○,○,○
sakai_tadatsugu,酒井忠次,Sakai Tadatsugu,tokugawa,1527,1596,Wikidata / verified data,生没年確認,○,○,○,○,○,○
honda_tadakatsu,本多忠勝,Honda Tadakatsu,tokugawa,1548,1610,Wikidata / verified data,生没年確認,×,×,○,○,○,○
sakakibara_yasumasa,榊原康政,Sakakibara Yasumasa,tokugawa,1548,1606,Wikidata / verified data,生没年確認,×,×,○,○,○,○
ii_naomasa,井伊直政,Ii Naomasa,tokugawa,1561,1602,Wikidata / verified data,生没年確認,×,×,×,○,○,○
ishikawa_kazumasa,石川数正,Ishikawa Kazumasa,tokugawa,1533,1593,Wikidata / verified data,生没年確認,○,○,○,○,○,○
torii_mototada,鳥居元忠,Torii Mototada,tokugawa,1539,1600,Wikidata / verified data,生没年確認,×,○,○,○,○,○
hattori_hanzo,服部半蔵,Hattori Hanzo,tokugawa,,,未確認,未確認,?,?,?,?,?,?
saito_yoshitatsu,斎藤義龍,Saito Yoshitatsu,saito,1527,1561,Wikidata / verified data,生没年確認,○,○,×,×,×,×
saito_tatsuoki,斎藤龍興,Saito Tatsuoki,saito,1548,1573,Wikidata / verified data,生没年確認,×,×,○,×,×,×
takenaka_hanbei,竹中半兵衛,Takenaka Hanbei,saito,,,未確認,未確認,?,?,?,?,?,?
ando_morinari,安藤守就,Ando Morinari,saito,1503,1582,Wikidata / verified data,生没年確認,○,○,○,○,○,○
azai_nagamasa,浅井長政,Azai Nagamasa,azai,1545,1573,Wikidata / verified data,生没年確認,×,○,○,×,×,×
azai_hisamasa,浅井久政,Azai Hisamasa,azai,1526,1573,Wikidata / verified data,生没年確認,○,○,○,×,×,×
isono_kazumasa,磯野員昌,Isono Kazumasa,azai,1523,1583,Wikidata / verified data,生没年確認,○,○,○,○,○,○
endo_naotsune,遠藤直経,Endo Naotsune,azai,1531,1570,Wikidata / verified data,生没年確認,○,○,○,×,×,×
asakura_yoshikage,朝倉義景,Asakura Yoshikage,asakura,1533,1573,Wikidata / verified data,生没年確認,○,○,○,×,×,×
magara_naotaka,真柄直隆,Magara Naotaka,asakura,1536,1570,Wikidata / verified data,生没年確認,○,○,○,×,×,×
asakura_kageakira,朝倉景鏡,Asakura Kageakira,asakura,1529,1574,Wikidata / verified data,生没年確認,○,○,○,○,×,×
rokkaku_yoshikata,六角義賢,Rokkaku Yoshikata,rokkaku,1521,1598,Wikidata / verified data,生没年確認,○,○,○,○,○,○
rokkaku_yoshiharu,六角義治,Rokkaku Yoshiharu,rokkaku,1545,1612,Wikidata / verified data,生没年確認,×,○,○,○,○,○
gamo_katahide,蒲生賢秀,Gamo Katahide,rokkaku,1534,1584,Wikidata / verified data,生没年確認,○,○,○,○,○,○
gamo_ujisato,蒲生氏郷,Gamo Ujisato,rokkaku,1556,1595,Wikidata / verified data,生没年確認,×,×,×,○,○,○
miyoshi_nagayoshi,三好長慶,Miyoshi Nagayoshi,miyoshi,1522,1564,Wikidata / verified data,生没年確認,○,○,×,×,×,×
miyoshi_yoshitsugu,三好義継,Miyoshi Yoshitsugu,miyoshi,1549,1573,Wikidata / verified data,生没年確認,×,×,○,×,×,×
matsunaga_hisahide,松永久秀,Matsunaga Hisahide,miyoshi,1508,1577,Wikidata / verified data,生没年確認,○,○,○,○,×,×
miyoshi_nagayasu,三好長逸,Miyoshi Nagayasu,miyoshi,,,未確認,未確認,?,?,?,?,?,?
sogo_kazumasa,十河一存,Sogo Kazumasa,miyoshi,1532,1561,Wikidata / verified data,生没年確認,○,○,×,×,×,×
shinohara_nagafusa,篠原長房,Shinohara Nagafusa,miyoshi,1550,1573,Wikidata / verified data,生没年確認,×,×,○,×,×,×
iwanari_tomomichi,岩成友通,Iwanari Tomomichi,miyoshi,,,未確認,未確認,?,?,?,?,?,?
mori_motonari,毛利元就,Mori Motonari,mori,1497,1571,Wikidata / verified data,生没年確認,○,○,○,×,×,×
mori_takamoto,毛利隆元,Mori Takamoto,mori,1523,1563,Wikidata / verified data,生没年確認,○,○,×,×,×,×
mori_terumoto,毛利輝元,Mori Terumoto,mori,1553,1625,Wikidata / verified data,生没年確認,×,×,○,○,○,○
kikkawa_motoharu,吉川元春,Kikkawa Motoharu,mori,1530,1586,Wikidata / verified data,生没年確認,○,○,○,○,○,○
kobayakawa_takakage,小早川隆景,Kobayakawa Takakage,mori,1533,1597,Wikidata / verified data,生没年確認,○,○,○,○,○,○
fukuhara_sadatoshi,福原貞俊,Fukuhara Sadatoshi,mori,1512,1593,Wikidata / verified data,生没年確認,○,○,○,○,○,○
murakami_takeyoshi,村上武吉,Murakami Takeyoshi,mori,1533,1604,Wikidata / verified data,生没年確認,○,○,○,○,○,○
ankokuji_ekei,安国寺恵瓊,Ankokuji Ekei,mori,1539,1600,Wikidata / verified data,生没年確認,×,○,○,○,○,○
amago_haruhisa,尼子晴久,Amago Haruhisa,amago,1514,1561,Wikidata / verified data,生没年確認,○,○,×,×,×,×
amago_yoshihisa,尼子義久,Amago Yoshihisa,amago,1540,1610,Wikidata / verified data,生没年確認,×,○,○,○,○,○
yamanaka_shikanosuke,山中鹿介,Yamanaka Shikanosuke,amago,,,未確認,未確認,?,?,?,?,?,?
ukita_naoie,宇喜多直家,Ukita Naoie,ukita,1529,1582,Wikidata / verified data,生没年確認,○,○,○,○,○,○
ukita_hideie,宇喜多秀家,Ukita Hideie,ukita,1572,1655,Wikidata / verified data,生没年確認,×,×,×,×,×,×
chosokabe_kunichika,長宗我部国親,Chosokabe Kunichika,chosokabe,1504,1560,Wikidata / verified data,生没年確認,○,○,×,×,×,×
chosokabe_motochika,長宗我部元親,Chosokabe Motochika,chosokabe,1539,1599,Wikidata / verified data,生没年確認,×,○,○,○,○,○
kosokabe_chikayasu,香宗我部親泰,Kosokabe Chikayasu,chosokabe,1543,1593,Wikidata / verified data,生没年確認,×,○,○,○,○,○
kira_chikasada,吉良親貞,Kira Chikasada,chosokabe,1541,1576,Wikidata / verified data,生没年確認,×,○,○,○,×,×
kono_michinao,河野通直,Kono Michinao,kono,1555,1587,Wikidata / verified data,生没年確認,×,×,○,○,○,○
ichijo_kanesada,一条兼定,Ichijo Kanesada,ichijo,1543,1585,Wikidata / verified data,生没年確認,×,○,○,○,○,○
otomo_sorin,大友宗麟,Otomo Sorin,otomo,,,未確認,未確認,?,?,?,?,?,?
tachibana_dosetsu,立花道雪,Tachibana Dosetsu,otomo,1513,1585,Wikidata / verified data,生没年確認,○,○,○,○,○,○
takahashi_joun,高橋紹運,Takahashi Joun,otomo,1548,1586,Wikidata / verified data,生没年確認,×,×,○,○,○,○
tachibana_muneshige,立花宗茂,Tachibana Muneshige,otomo,1567,1643,Wikidata / verified data,生没年確認,×,×,×,×,×,○
yoshioka_nagamasu,吉岡長増,Yoshioka Nagamasu,otomo,,,未確認,未確認,?,?,?,?,?,?
usuki_akihaya,臼杵鑑速,Usuki Akihaya,otomo,1520,1575,Wikidata / verified data,生没年確認,○,○,○,○,×,×
ryuzoji_takanobu,龍造寺隆信,Ryuzoji Takanobu,ryuzoji,1529,1584,Wikidata / verified data,生没年確認,○,○,○,○,○,○
nabeshima_naoshige,鍋島直茂,Nabeshima Naoshige,ryuzoji,1538,1618,Wikidata / verified data,生没年確認,×,○,○,○,○,○
ryuzoji_ieharu,龍造寺家就,Ryuzoji Ieharu,ryuzoji,,,未確認,未確認,?,?,?,?,?,?
shimazu_takahisa,島津貴久,Shimazu Takahisa,shimazu,1514,1571,Wikidata / verified data,生没年確認,○,○,○,×,×,×
shimazu_yoshihisa,島津義久,Shimazu Yoshihisa,shimazu,1533,1611,Wikidata / verified data,生没年確認,○,○,○,○,○,○
shimazu_yoshihiro,島津義弘,Shimazu Yoshihiro,shimazu,1535,1619,Wikidata / verified data,生没年確認,○,○,○,○,○,○
shimazu_toshihisa,島津歳久,Shimazu Toshihisa,shimazu,1537,1592,Wikidata / verified data,生没年確認,○,○,○,○,○,○
shimazu_iehisa,島津家久,Shimazu Iehisa,shimazu,1547,1587,Wikidata / verified data,生没年確認,×,○,○,○,○,○
niiro_tadamoto,新納忠元,Niiro Tadamoto,shimazu,1526,1611,Wikidata / verified data,生没年確認,○,○,○,○,○,○
ijuin_tadamune,伊集院忠棟,Ijuin Tadamune,shimazu,1541,1599,Wikidata / verified data,生没年確認,×,○,○,○,○,○
date_harumune,伊達晴宗,Date Harumune,date,1519,1578,Wikidata / verified data,生没年確認,○,○,○,○,○,×
date_terumune,伊達輝宗,Date Terumune,date,1544,1585,Wikidata / verified data,生没年確認,×,○,○,○,○,○
oniniwa_yoshinao,鬼庭良直,Oniniwa Yoshinao,date,1513,1586,Wikidata / verified data,生没年確認,○,○,○,○,○,○
mogami_yoshimori,最上義守,Mogami Yoshimori,mogami,1521,1590,Wikidata / verified data,生没年確認,○,○,○,○,○,○
mogami_yoshiaki,最上義光,Mogami Yoshiaki,mogami,1546,1614,Wikidata / verified data,生没年確認,×,○,○,○,○,○
nanbu_harumasa,南部晴政,Nanbu Harumasa,nanbu,1517,1582,Wikidata / verified data,生没年確認,○,○,○,○,○,○
ashina_moriuji,蘆名盛氏,Ashina Moriuji,ashina,1521,1580,Wikidata / verified data,生没年確認,○,○,○,○,○,×
satake_yoshishige,佐竹義重,Satake Yoshishige,satake,1547,1612,Wikidata / verified data,生没年確認,×,○,○,○,○,○
satomi_yoshitaka,里見義堯,Satomi Yoshitaka,satomi,1507,1574,Wikidata / verified data,生没年確認,○,○,○,○,×,×
utsunomiya_hirotsuna,宇都宮広綱,Utsunomiya Hirotsuna,utsunomiya,1543,1576,Wikidata / verified data,生没年確認,×,○,○,○,×,×
kitabatake_tomonori,北畠具教,Kitabatake Tomonori,kitabatake,1528,1576,Wikidata / verified data,生没年確認,○,○,○,○,×,×
murakami_yoshikiyo,村上義清,Murakami Yoshikiyo,murakami,1501,1573,Wikidata / verified data,生没年確認,○,○,○,×,×,×
jinbo_nagamoto,神保長職,Jinbo Nagamoto,jinbo,,1572,Wikidata / verified data,一部確認,?,?,?,×,×,×
hatakeyama_yoshitsugu,畠山義続,Hatakeyama Yoshitsugu,hatakeyama,1518,1590,Wikidata / verified data,生没年確認,○,○,○,○,○,○
isshiki_yoshimichi,一色義道,Isshiki Yoshimichi,isshiki,,1579,Wikidata / verified data,一部確認,?,?,?,?,?,×
hatano_hideharu,波多野秀治,Hatano Hideharu,hatano,1541,1579,Wikidata / verified data,生没年確認,×,○,○,○,○,×
tsutsui_junkei,筒井順慶,Tsutsui Junkei,tsutsui,1549,1584,Wikidata / verified data,生没年確認,×,×,○,○,○,○
kennyo,本願寺顕如,Honganji Kennyo,honganji,,,未確認,未確認,?,?,?,?,?,?
shimotsuma_rairyu,下間頼廉,Shimotsuma Rairyu,honganji,1537,1626,Wikidata / verified data,生没年確認,○,○,○,○,○,○
cho_tsugutsura,長続連,Cho Tsugutsura,hatakeyama,,1577,Wikidata / verified data,一部確認,?,?,?,?,×,×
yusa_tsugumitsu,遊佐続光,Yusa Tsugumitsu,hatakeyama,1550,1581,Wikidata / verified data,生没年確認,×,×,○,○,○,×
nukui_kagetaka,温井景隆,Nukui Kagetaka,hatakeyama,1550,1582,Wikidata / verified data,生没年確認,×,×,○,○,○,○
hatano_hidenao,波多野秀尚,Hatano Hidenao,hatano,1550,1579,Wikidata / verified data,生没年確認,×,×,○,○,○,×
akai_naomasa,赤井直正,Akai Naomasa,hatano,,,未確認,未確認,?,?,?,?,?,?
momii_norinari,籾井教業,Momii Norinari,hatano,1550,1565,Wikidata / verified data,生没年確認,×,×,×,×,×,×
oda_ujiharu,小田氏治,Oda Ujiharu,oda_hitachi,1534,1602,Wikidata / verified data,生没年確認,○,○,○,○,○,○
suganoya_masatsugu,菅谷政貞,Suganoya Masatsugu,oda_hitachi,1518,1592,Wikidata / verified data,生没年確認,○,○,○,○,○,○
okami_haruhiro,岡見治広,Okami Haruhiro,oda_hitachi,,,未確認,未確認,?,?,?,?,?,?
haga_takasada,芳賀高定,Haga Takasada,utsunomiya,1521,1588,Wikidata / verified data,生没年確認,○,○,○,○,○,○
mibu_tsunafusa,壬生綱房,Mibu Tsunafusa,utsunomiya,1479,1555,Wikidata / verified data,生没年確認,○,×,×,×,×,×
nagano_narimasa,長野業正,Nagano Narimasa,nagano,1491,1562,Wikidata / verified data,生没年確認,○,○,×,×,×,×
kamiizumi_nobutsuna,上泉信綱,Kamiizumi Nobutsuna,nagano,1508,1577,Wikidata / verified data,生没年確認,○,○,○,○,×,×
nagano_narimori,長野業盛,Nagano Narimori,nagano,1544,1566,Wikidata / verified data,生没年確認,×,○,×,×,×,×
nikaido_moriyoshi,二階堂盛義,Nikaido Moriyoshi,nikaido,,,未確認,未確認,?,?,?,?,?,?
nikaido_yukichika,二階堂行親,Nikaido Yukichika,nikaido,,,未確認,未確認,?,?,?,?,?,?
suka_moritsune,須賀盛常,Suka Moritsune,nikaido,,,未確認,未確認,?,?,?,?,?,?
ashikaga_yoshiaki,足利義昭,Ashikaga Yoshiaki,ashikaga,1537,1597,Wikidata / verified data,生没年確認,○,○,○,○,○,○
hosokawa_fujitaka,細川藤孝,Hosokawa Fujitaka,ashikaga,1534,1610,Wikidata / verified data,生没年確認,○,○,○,○,○,○
wada_korenaga,和田惟政,Wada Korenaga,ashikaga,1530,1571,Wikidata / verified data,生没年確認,○,○,○,×,×,×
isshiki_yoshisada,一色義定,Isshiki Yoshisada,isshiki,1550,1582,Wikidata / verified data,生没年確認,×,×,○,○,○,○
numata_mitsukane,沼田光兼,Numata Mitsukane,isshiki,,,未確認,未確認,?,?,?,?,?,?
yamana_suketoyo,山名祐豊,Yamana Suketoyo,yamana,1511,1580,Wikidata / verified data,生没年確認,○,○,○,○,○,×
otagaki_terunobu,太田垣輝延,Otagaki Terunobu,yamana,,,未確認,未確認,?,?,?,?,?,?
kakiya_mitsunari,垣屋光成,Kakiya Mitsunari,yamana,1520,1592,Wikidata / verified data,生没年確認,○,○,○,○,○,○
akamatsu_yoshisuke,赤松義祐,Akamatsu Yoshisuke,akamatsu,1537,1576,Wikidata / verified data,生没年確認,○,○,○,○,×,×
kodera_masamoto,小寺政職,Kodera Masamoto,akamatsu,1529,1584,Wikidata / verified data,生没年確認,○,○,○,○,○,○
kuroda_mototaka,黒田職隆,Kuroda Mototaka,akamatsu,1524,1585,Wikidata / verified data,生没年確認,○,○,○,○,○,○
akao_kiyotsuna,赤尾清綱,Akao Kiyotsuna,azai,1514,1573,Wikidata / verified data,生没年確認,○,○,○,×,×,×
kaiho_tsunachika,海北綱親,Kaiho Tsunachika,azai,1510,1573,Wikidata / verified data,生没年確認,○,○,○,×,×,×
ouchi_yoshitaka,大内義隆,Ouchi Yoshitaka,ouchi,1507,1551,Wikidata / verified data,生没年確認,○,×,×,×,×,×
sue_harukata,陶晴賢,Sue Harukata,ouchi,1521,1555,Wikidata / verified data,生没年確認,○,×,×,×,×,×
uragami_muramune,浦上村宗,Uragami Muramune,akamatsu,,1531,Wikidata / verified data,一部確認,×,×,×,×,×,×
akamatsu_hirohide,赤松広秀,Akamatsu Hirohide,akamatsu,,,未確認,未確認,?,?,?,?,?,?
akamatsu_masahide,赤松政秀,Akamatsu Masahide,akamatsu,1510,1570,Wikidata / verified data,生没年確認,○,○,○,×,×,×
akamatsu_norifusa,赤松則房,Akamatsu Norifusa,akamatsu,1559,1598,Wikidata / verified data,生没年確認,×,×,×,○,○,○
kamei_hidetsuna,亀井秀綱,Kamei Hidetsuna,amago,,,未確認,未確認,?,?,?,?,?,?
amago_katsuhisa,尼子勝久,Amago Katsuhisa,amago,1553,1578,Wikidata / verified data,生没年確認,×,×,○,○,○,×
mitoya_katsuhisa,三刀屋勝久,Mitoya Katsuhisa,amago,,,未確認,未確認,?,?,?,?,?,?
sase_kiyosada,佐世清定,Sase Kiyosada,amago,,,未確認,未確認,?,?,?,?,?,?
honjo_tsunemitsu,本城常光,Honjo Tsunemitsu,amago,1513,1562,Wikidata / verified data,生没年確認,○,○,×,×,×,×
asakura_kagetaka,朝倉景隆,Asakura Kagetaka,asakura,1508,1570,Wikidata / verified data,生没年確認,○,○,○,×,×,×
maeba_yoshitsugu,前波吉継,Maeba Yoshitsugu,asakura,1541,1574,Wikidata / verified data,生没年確認,×,○,○,○,×,×
tobe_kageyuki,戸部景行,Tobe Kageyuki,asakura,,,未確認,未確認,?,?,?,?,?,?
asakura_kagetsuru,朝倉景鶴,Asakura Kagetsuru,asakura,,,未確認,未確認,?,?,?,?,?,?
asakura_kagekiyo,朝倉景紀,Asakura Kagekiyo,asakura,1505,1572,Wikidata / verified data,生没年確認,○,○,○,×,×,×
mitsubuchi_fujihide,三淵藤英,Mitsubuchi Fujihide,ashikaga,1550,1574,Wikidata / verified data,生没年確認,×,×,○,○,×,×
hosokawa_akimoto,細川昭元,Hosokawa Akimoto,ashikaga,1548,1615,Wikidata / verified data,生没年確認,×,×,○,○,○,○
ise_sadataka,伊勢貞孝,Ise Sadataka,ashikaga,,1562,Wikidata / verified data,一部確認,?,?,×,×,×,×
makishima_yoshinobu,槇島昭光,Makishima Yoshinobu,ashikaga,,,未確認,未確認,?,?,?,?,?,?
ashikaga_yoshisada,足利義定,Ashikaga Yoshisada,ashikaga,,,未確認,未確認,?,?,?,?,?,?
iso_kazumasu,磯野員昌,Iso Kazumasu,azai,1523,1583,Wikidata / verified data,生没年確認,○,○,○,○,○,○
endo_naokage,遠藤直経,Endo Naokage,azai,1531,1570,Wikidata / verified data,生没年確認,○,○,○,×,×,×
imai_hidenaga,今井秀国,Imai Hidenaga,azai,,,未確認,未確認,?,?,?,?,?,?
aobe_sadayuki,阿閉貞征,Aobe Sadayuki,azai,1528,1582,Wikidata / verified data,生没年確認,○,○,○,○,○,○
asai_masazumi,浅井政澄,Asai Masazumi,azai,,1570,Wikidata / verified data,一部確認,?,?,?,×,×,×
yoshiura_chikanori,吉良親実,Yoshiura Chikanori,chosokabe,1563,1589,Wikidata / verified data,生没年確認,×,×,×,×,○,○
hisatake_chikamitsu,久武親信,Hisatake Chikamitsu,chosokabe,,1579,Wikidata / verified data,一部確認,?,?,?,?,?,×
yokoyama_kanemitsu,横山兼光,Yokoyama Kanemitsu,chosokabe,,,未確認,未確認,?,?,?,?,?,?
tani_tadazumi,谷忠澄,Tani Tadazumi,chosokabe,1534,1600,Wikidata / verified data,生没年確認,○,○,○,○,○,○
ikemoto_chikasue,池本親季,Ikemoto Chikasue,chosokabe,,,未確認,未確認,?,?,?,?,?,?
date_shigenari,伊達成実,Date Shigenari,date,1568,1646,Wikidata / verified data,生没年確認,×,×,×,×,×,○
oniwa_tsunamoto,鬼庭綱元,Oniwa Tsunamoto,date,1549,1640,Wikidata / verified data,生没年確認,×,×,○,○,○,○
katakura_shigenaga,片倉重長,Katakura Shigenaga,date,1585,1659,Wikidata / verified data,生没年確認,×,×,×,×,×,×
ouchi_sadatsuna,大内定綱,Ouchi Sadatsuna,date,1545,1610,Wikidata / verified data,生没年確認,×,○,○,○,○,○
arate_munekatsu,荒手宗勝,Arate Munekatsu,date,,,未確認,未確認,?,?,?,?,?,?
yakushiji_morokazu,薬師寺元一,Yakushiji Morokazu,hatano,1475,1504,Wikidata / verified data,生没年確認,×,×,×,×,×,×
naito_sadaoki,内藤定興,Naito Sadaoki,hatano,,,未確認,未確認,?,?,?,?,?,?
shimizu_shigeie,清水重家,Shimizu Shigeie,hatano,,,未確認,未確認,?,?,?,?,?,?
hojo_tsunanari,北条綱成,Hojo Tsunanari,hojo,1515,1587,Wikidata / verified data,生没年確認,○,○,○,○,○,○
ohta_sukemasa,太田資正,Ohta Sukemasa,hojo,1522,1591,Wikidata / verified data,生没年確認,○,○,○,○,○,○
yamakami_nobutaka,山上信孝,Yamakami Nobutaka,hojo,,,未確認,未確認,?,?,?,?,?,?
shimotsuma_rairen,下間頼廉,Shimotsuma Rairen,honganji,1537,1626,Wikidata / verified data,生没年確認,○,○,○,○,○,○
shimotsuma_raisho,下間頼照,Shimotsuma Raisho,honganji,1516,1575,Wikidata / verified data,生没年確認,○,○,○,○,×,×
shonai_yoritsuna,証如上人,Shonai Yoritsuna,honganji,,,未確認,未確認,?,?,?,?,?,?
sugi_nobuyori,杉宣周,Sugi Nobuyori,honganji,,,未確認,未確認,?,?,?,?,?,?
washida_morishige,鷲田守重,Washida Morishige,honganji,,,未確認,未確認,?,?,?,?,?,?
matsui_munenobu,松井宗信,Matsui Munenobu,imagawa,,,未確認,未確認,?,?,?,?,?,?
imagawa_ujitoyo,今川氏豊,Imagawa Ujitoyo,imagawa,1522,,Wikidata / verified data,一部確認,○,○,○,○,○,○
hayakawa_ujiharu,早川氏春,Hayakawa Ujiharu,imagawa,,,未確認,未確認,?,?,?,?,?,?
isshiki_yoshikane,一色義清,Isshiki Yoshikane,isshiki,1450,,Wikidata / verified data,一部確認,○,○,○,○,○,○
isshiki_yoshisato,一色義郷,Isshiki Yoshisato,isshiki,,,未確認,未確認,?,?,?,?,?,?
isshiki_fujinaga,一色藤長,Isshiki Fujinaga,isshiki,,1600,Wikidata / verified data,一部確認,?,?,?,?,?,?
isshiki_yoshinori_r,一色義教,Isshiki Yoshinori,isshiki,,,未確認,未確認,?,?,?,?,?,?
kitabatake_tomofusa,北畠具房,Kitabatake Tomofusa,kitabatake,1547,1580,Wikidata / verified data,生没年確認,×,○,○,○,○,×
kitabatake_harunobu,北畠晴具,Kitabatake Harunobu,kitabatake,1503,1563,Wikidata / verified data,生没年確認,○,○,×,×,×,×
seki_kazuyori,関盛政,Seki Kazuyori,kitabatake,,,未確認,未確認,?,?,?,?,?,?
tsuda_nobutaka_k,津田信任,Tsuda Nobutaka,kitabatake,1550,,Wikidata / verified data,一部確認,×,×,○,○,○,○
kono_michiyuki,河野通之,Kono Michiyuki,kono,1350,,Wikidata / verified data,一部確認,○,○,○,○,○,○
kono_michitaka,河野通孝,Kono Michitaka,kono,,,未確認,未確認,?,?,?,?,?,?
murakami_michiyasu,村上通康,Murakami Michiyasu,kono,1519,1567,Wikidata / verified data,生没年確認,○,○,×,×,×,×
kono_michihiro,河野通宣,Kono Michihiro,kono,1522,1581,Wikidata / verified data,生没年確認,○,○,○,○,○,×
miyoshi_nagamoto,三好長逸,Miyoshi Nagamoto,miyoshi,,,未確認,未確認,?,?,?,?,?,?
matsunaga_nagayori,松永長頼,Matsunaga Nagayori,miyoshi,1550,1565,Wikidata / verified data,生没年確認,×,×,×,×,×,×
miyoshi_yoshifusa,三好義房,Miyoshi Yoshifusa,miyoshi,,,未確認,未確認,?,?,?,?,?,?
sogou_nagayuki,十河長親,Sogou Nagayuki,miyoshi,,,未確認,未確認,?,?,?,?,?,?
mogami_yoshinobu,最上義宣,Mogami Yoshinobu,mogami,,,未確認,未確認,?,?,?,?,?,?
mogami_yoshiyasu,最上義康,Mogami Yoshiyasu,mogami,1575,1603,Wikidata / verified data,生没年確認,×,×,×,×,×,×
kaminoyama_mitsuyasu,上山満安,Kaminoyama Mitsuyasu,mogami,,,未確認,未確認,?,?,?,?,?,?
nakano_yoshitsuna,中野義次,Nakano Yoshitsuna,mogami,,,未確認,未確認,?,?,?,?,?,?
eguchi_mitsuyasu,江口光安,Eguchi Mitsuyasu,mogami,,,未確認,未確認,?,?,?,?,?,?
ura_munehisa,浦宗勝,Ura Munehisa,mori,,,未確認,未確認,?,?,?,?,?,?
fukuhari_motonobu,福原元俊,Fukuhari Motonobu,mori,1545,1591,Wikidata / verified data,生没年確認,×,○,○,○,○,○
mori_hidemoto,毛利秀元,Mori Hidemoto,mori,1579,1650,Wikidata / verified data,生没年確認,×,×,×,×,×,×
mori_motokiyo,毛利就清,Mori Motokiyo,mori,,,未確認,未確認,?,?,?,?,?,?
nomi_munekatsu,乃美宗勝,Nomi Munekatsu,mori,1527,1592,Wikidata / verified data,生没年確認,○,○,○,○,○,○
nagano_moriyasu,長野盛安,Nagano Moriyasu,nagano,,,未確認,未確認,?,?,?,?,?,?
nagano_fujiyoshi,長野藤吉,Nagano Fujiyoshi,nagano,,,未確認,未確認,?,?,?,?,?,?
nagano_nobuyoshi,長野信義,Nagano Nobuyoshi,nagano,,,未確認,未確認,?,?,?,?,?,?
okochi_masanobu,大河内正宣,Okochi Masanobu,nagano,,,未確認,未確認,?,?,?,?,?,?
tonda_nobutaka_n,富田信孝,Tonda Nobutaka,nagano,,,未確認,未確認,?,?,?,?,?,?
nikaido_yukimori,二階堂行盛,Nikaido Yukimori,nikaido,1181,1254,Wikidata / verified data,生没年確認,×,×,×,×,×,×
nikaido_moritoshi,二階堂行光,Nikaido Moritoshi,nikaido,1164,1219,Wikidata / verified data,生没年確認,×,×,×,×,×,×
ouchi_yukihira,大内行平,Ouchi Yukihira,nikaido,,,未確認,未確認,?,?,?,?,?,?
nikaido_moritsuna,二階堂盛綱,Nikaido Moritsuna,nikaido,,,未確認,未確認,?,?,?,?,?,?
yusa_tsuguyoshi,遊佐続光,Yusa Tsuguyoshi,noto_hatakeyama,1550,1581,Wikidata / verified data,生没年確認,×,×,○,○,○,×
hatakeyama_yoshitsuna_n,畠山義綱,Hatakeyama Yoshitsuna,noto_hatakeyama,1536,1594,Wikidata / verified data,生没年確認,○,○,○,○,○,○
miike_mitsuyori,三宅光頼,Miike Mitsuyori,noto_hatakeyama,,,未確認,未確認,?,?,?,?,?,?
hatakeyama_yoshinori_n,畠山義則,Hatakeyama Yoshinori,noto_hatakeyama,,,未確認,未確認,?,?,?,?,?,?
oda_nobumitsu,織田信光,Oda Nobumitsu,oda,1516,1556,Wikidata / verified data,生没年確認,○,×,×,×,×,×
shibata_katsunobu,柴田勝豊,Shibata Katsunobu,oda,1556,1583,Wikidata / verified data,生没年確認,×,×,×,○,○,○
inaba_ittetsu,稲葉一鉄,Inaba Ittetsu,oda,,,未確認,未確認,?,?,?,?,?,?
oda_ujisuke,小田氏資,Oda Ujisuke,oda_hitachi,,,未確認,未確認,?,?,?,?,?,?
oda_masaharu,小田政治,Oda Masaharu,oda_hitachi,1492,1548,Wikidata / verified data,生没年確認,×,×,×,×,×,×
oda_hirotaka,小田宗直,Oda Hirotaka,oda_hitachi,,,未確認,未確認,?,?,?,?,?,?
nire_takanori,楡井高規,Nire Takanori,oda_hitachi,,,未確認,未確認,?,?,?,?,?,?
kasama_mitsutaka,笠間光隆,Kasama Mitsutaka,oda_hitachi,,,未確認,未確認,?,?,?,?,?,?
tajiri_akitsura,田尻鑑種,Tajiri Akitsura,otomo,1550,,Wikidata / verified data,一部確認,×,×,○,○,○,○
shiga_chikamasu,志賀親益,Shiga Chikamasu,otomo,,,未確認,未確認,?,?,?,?,?,?
usuki_akimasa,臼杵鑑速,Usuki Akimasa,otomo,1520,1575,Wikidata / verified data,生没年確認,○,○,○,○,×,×
tsurumi_chikasada,鶴見親定,Tsurumi Chikasada,otomo,,,未確認,未確認,?,?,?,?,?,?
rokkaku_yoshisuke,六角義弼,Rokkaku Yoshisuke,rokkaku,,,未確認,未確認,?,?,?,?,?,?
gamo_sadahide,蒲生定秀,Gamo Sadahide,rokkaku,1508,1579,Wikidata / verified data,生没年確認,○,○,○,○,○,×
goto_kataharu,後藤賢豊,Goto Kataharu,rokkaku,,1563,Wikidata / verified data,一部確認,?,?,×,×,×,×
kaizu_mitsusada,海津光定,Kaizu Mitsusada,rokkaku,,,未確認,未確認,?,?,?,?,?,?
kanzuji_nagahide,進士賢就,Kanzuji Nagahide,rokkaku,,,未確認,未確認,?,?,?,?,?,?
ryuzoji_masaie,龍造寺政家,Ryuzoji Masaie,ryuzoji,1556,1607,Wikidata / verified data,生没年確認,×,×,×,○,○,○
goto_sumiharu,後藤純栄,Goto Sumiharu,ryuzoji,,,未確認,未確認,?,?,?,?,?,?
taku_chikatada,多久親忠,Taku Chikatada,ryuzoji,,,未確認,未確認,?,?,?,?,?,?
toda_shigenobu,戸田重信,Toda Shigenobu,ryuzoji,,,未確認,未確認,?,?,?,?,?,?
higashi_shigeyuki,東重尚,Higashi Shigeyuki,ryuzoji,,,未確認,未確認,?,?,?,?,?,?
ujiie_bokuzen,氏家卜全,Ujiie Bokuzen,saito,,,未確認,未確認,?,?,?,?,?,?
saito_yoshitaka,斎藤義峯,Saito Yoshitaka,saito,,,未確認,未確認,?,?,?,?,?,?
fuwa_naomichi,不破直倫,Fuwa Naomichi,saito,,,未確認,未確認,?,?,?,?,?,?
inaba_sadamichi,稲葉貞道,Inaba Sadamichi,saito,,,未確認,未確認,?,?,?,?,?,?
satake_yoshinobu,佐竹義宣,Satake Yoshinobu,satake,1570,1633,Wikidata / verified data,生没年確認,×,×,×,×,×,×
satake_yoshiaki_s,佐竹義明,Satake Yoshiaki,satake,1531,1565,Wikidata / verified data,生没年確認,○,○,×,×,×,×
minagawa_hiroteru,皆川広照,Minagawa Hiroteru,satake,1548,1628,Wikidata / verified data,生没年確認,×,×,○,○,○,○
taguchi_sadatomo,田口定知,Taguchi Sadatomo,satake,,,未確認,未確認,?,?,?,?,?,?
yamaga_yoshitsugu,山賀義次,Yamaga Yoshitsugu,satake,,,未確認,未確認,?,?,?,?,?,?
satomi_yoshihiro,里見義弘,Satomi Yoshihiro,satomi,1530,1578,Wikidata / verified data,生没年確認,○,○,○,○,○,×
satomi_yoshiyori,里見義頼,Satomi Yoshiyori,satomi,1543,1587,Wikidata / verified data,生没年確認,×,○,○,○,○,○
satomi_yoshiyasu,里見義康,Satomi Yoshiyasu,satomi,1573,1603,Wikidata / verified data,生没年確認,×,×,×,×,×,×
masaki_noritsuna,正木頼忠,Masaki Noritsuna,satomi,1551,1622,Wikidata / verified data,生没年確認,×,×,○,○,○,○
masaki_yoshishige,正木時忠,Masaki Yoshishige,satomi,1521,1576,Wikidata / verified data,生没年確認,○,○,○,○,×,×
tahara_kiyotane,田原清種,Tahara Kiyotane,shimazu,,,未確認,未確認,?,?,?,?,?,?
kabayama_hisataka,樺山久高,Kabayama Hisataka,shimazu,1558,1634,Wikidata / verified data,生没年確認,×,×,×,○,○,○
hara_masatane,原昌胤,Hara Masatane,takeda,1531,1575,Wikidata / verified data,生没年確認,○,○,○,○,×,×
obata_toramasa,小幡虎盛,Obata Toramasa,takeda,,,未確認,未確認,?,?,?,?,?,?
tada_mitsuyori,多田満頼,Tada Mitsuyori,takeda,,,未確認,未確認,?,?,?,?,?,?
tsuchiya_masashige,土屋昌続,Tsuchiya Masashige,takeda,1544,1575,Wikidata / verified data,生没年確認,×,○,○,○,×,×
okubo_tadayo,大久保忠世,Okubo Tadayo,tokugawa,1532,1594,Wikidata / verified data,生没年確認,○,○,○,○,○,○
natsume_yoshinobu,夏目吉信,Natsume Yoshinobu,tokugawa,1517,1573,Wikidata / verified data,生没年確認,○,○,○,×,×,×
toda_hirotaka,戸田広高,Toda Hirotaka,tokugawa,,,未確認,未確認,?,?,?,?,?,?
hiraiwa_chikayoshi,平岩親吉,Hiraiwa Chikayoshi,tokugawa,1542,1612,Wikidata / verified data,生没年確認,×,○,○,○,○,○
kakizaki_haruie,柿崎景家,Kakizaki Haruie,uesugi,1513,1574,Wikidata / verified data,生没年確認,○,○,○,○,×,×
amakasu_masakage,甘粕景持,Amakasu Masakage,uesugi,1501,1604,Wikidata / verified data,生没年確認,○,○,○,○,○,○
odera_ujichika,小寺氏親,Odera Ujichika,uesugi,,,未確認,未確認,?,?,?,?,?,?
togawa_hideyasu,戸川秀安,Togawa Hideyasu,ukita,1538,1597,Wikidata / verified data,生没年確認,×,○,○,○,○,○
hanabusa_mototsune,花房元就,Hanabusa Mototsune,ukita,,,未確認,未確認,?,?,?,?,?,?
ukita_tadaie,宇喜多忠家,Ukita Tadaie,ukita,1533,,Wikidata / verified data,一部確認,○,○,○,○,○,○
okamoto_ietora,岡本家虎,Okamoto Ietora,ukita,,,未確認,未確認,?,?,?,?,?,?
narita_tsuneyoshi,成田常次,Narita Tsuneyoshi,ukita,,,未確認,未確認,?,?,?,?,?,?
utsunomiya_kunitsuna,宇都宮国綱,Utsunomiya Kunitsuna,utsunomiya,1568,1608,Wikidata / verified data,生没年確認,×,×,×,×,×,○
utsunomiya_hirofuyu,宇都宮広綱,Utsunomiya Hirofuyu,utsunomiya,1543,1576,Wikidata / verified data,生没年確認,×,○,○,○,×,×
haga_takatane,芳賀高継,Haga Takatane,utsunomiya,1526,1592,Wikidata / verified data,生没年確認,○,○,○,○,○,○
mibu_yoshimasa,壬生義昌,Mibu Yoshimasa,utsunomiya,,,未確認,未確認,?,?,?,?,?,?
kiyohara_hideyuki,清原秀行,Kiyohara Hideyuki,utsunomiya,,,未確認,未確認,?,?,?,?,?,?
yamana_toyokuni,山名豊国,Yamana Toyokuni,yamana,1548,1626,Wikidata / verified data,生没年確認,×,×,○,○,○,○
yamana_munetoyo,山名宗豊,Yamana Munetoyo,yamana,,,未確認,未確認,?,?,?,?,?,?
hamada_masatsune,浜田政経,Hamada Masatsune,yamana,,,未確認,未確認,?,?,?,?,?,?
hata_noritsuna,畑徳之丞,Hata Noritsuna,yamana,,,未確認,未確認,?,?,?,?,?,?
tsugaru_nobuhira,津軽信枚,Tsugaru Nobuhira,tsugaru,1586,1631,Wikidata / verified data,生没年確認,×,×,×,×,×,×
tsugaru_nobuyoshi,津軽信吉,Tsugaru Nobuyoshi,tsugaru,,,未確認,未確認,?,?,?,?,?,?
kawarabayashi_masatomo,川原林政知,Kawarabayashi Masatomo,tsugaru,,,未確認,未確認,?,?,?,?,?,?
yumoto_yorishige,湯本頼重,Yumoto Yorishige,tsugaru,,,未確認,未確認,?,?,?,?,?,?
saito_nobushige_t,斉藤信重,Saito Nobushige,tsugaru,,,未確認,未確認,?,?,?,?,?,?
nanbu_nobunao,南部信直,Nanbu Nobunao,nanbu,1546,1599,Wikidata / verified data,生没年確認,×,○,○,○,○,○
kunohe_masazane,九戸政実,Kunohe Masazane,nanbu,1536,1591,Wikidata / verified data,生没年確認,○,○,○,○,○,○
nanbu_harutsugu,南部晴継,Nanbu Harutsugu,nanbu,1570,1582,Wikidata / verified data,生没年確認,×,×,×,×,×,×
tobashi_nobunori,戸馳信則,Tobashi Nobunori,nanbu,,,未確認,未確認,?,?,?,?,?,?
sannomiya_mitsunobu,三戸光延,Sannomiya Mitsunobu,nanbu,,,未確認,未確認,?,?,?,?,?,?
kasai_harumochi,葛西晴持,Kasai Harumochi,kasai,,,未確認,未確認,?,?,?,?,?,?
kasai_harutaka,葛西晴隆,Kasai Harutaka,kasai,,,未確認,未確認,?,?,?,?,?,?
kasai_haruyoshi,葛西晴信,Kasai Haruyoshi,kasai,1534,,Wikidata / verified data,一部確認,○,○,○,○,○,○
kasai_haruhira,葛西晴清,Kasai Haruhira,kasai,1517,1547,Wikidata / verified data,生没年確認,×,×,×,×,×,×
kasai_harunobu,葛西晴宣,Kasai Harunobu,kasai,,,未確認,未確認,?,?,?,?,?,?
soma_yoshitane,相馬義胤,Soma Yoshitane,soma,1619,1651,Wikidata / verified data,生没年確認,×,×,×,×,×,×
soma_moritane,相馬盛胤,Soma Moritane,soma,1476,1521,Wikidata / verified data,生没年確認,×,×,×,×,×,×
soma_tomotane,相馬友胤,Soma Tomotane,soma,,,未確認,未確認,?,?,?,?,?,?
soma_harutane,相馬晴胤,Soma Harutane,soma,,,未確認,未確認,?,?,?,?,?,?
soma_morinori,相馬盛徳,Soma Morinori,soma,,,未確認,未確認,?,?,?,?,?,?
ashina_morioki,蘆名盛興,Ashina Morioki,ashina,1547,1574,Wikidata / verified data,生没年確認,×,○,○,○,×,×
ashina_morishige,蘆名盛隆,Ashina Morishige,ashina,1561,1584,Wikidata / verified data,生没年確認,×,×,×,○,○,○
yamashiro_morishige,山城守重,Yamashiro Morishige,ashina,,,未確認,未確認,?,?,?,?,?,?
katahara_morimasa,片原盛政,Katahara Morimasa,ashina,,,未確認,未確認,?,?,?,?,?,?
ashina_yoshihiro,蘆名義広,Ashina Yoshihiro,ashina,1575,1631,Wikidata / verified data,生没年確認,×,×,×,×,×,×
ando_chikasue,安東愛季,Ando Chikasue,ando,1539,1587,Wikidata / verified data,生没年確認,×,○,○,○,○,○
ando_nobusue,安東信季,Ando Nobusue,ando,,,未確認,未確認,?,?,?,?,?,?
ando_yasusue,安東保季,Ando Yasusue,ando,,,未確認,未確認,?,?,?,?,?,?
minato_yoshisue,湊義保,Minato Yoshisue,ando,,,未確認,未確認,?,?,?,?,?,?
ando_moriaki,安東守明,Ando Moriaki,ando,,,未確認,未確認,?,?,?,?,?,?
daihoji_yoshimasa,大宝寺義興,Daihoji Yoshimasa,daihoji,1554,1587,Wikidata / verified data,生没年確認,×,×,○,○,○,○
daihoji_yoshitsuna,大宝寺義綱,Daihoji Yoshitsuna,daihoji,,,未確認,未確認,?,?,?,?,?,?
daihoji_yoshiuji,大宝寺義宇,Daihoji Yoshiuji,daihoji,,,未確認,未確認,?,?,?,?,?,?
nakajima_mitsuyuki,中島光行,Nakajima Mitsuyuki,daihoji,,,未確認,未確認,?,?,?,?,?,?
yamamoto_masakage_d,山本道正,Yamamoto Masakage,daihoji,,,未確認,未確認,?,?,?,?,?,?
osaki_yoshitaka,大崎義隆,Osaki Yoshitaka,osaki,1548,1603,Wikidata / verified data,生没年確認,×,×,○,○,○,○
osaki_yoshinao,大崎義直,Osaki Yoshinao,osaki,1550,1577,Wikidata / verified data,生没年確認,×,×,○,○,×,×
osaki_yoshimune,大崎義宗,Osaki Yoshimune,osaki,,,未確認,未確認,?,?,?,?,?,?
shimaura_yoshihide,島浦義秀,Shimaura Yoshihide,osaki,,,未確認,未確認,?,?,?,?,?,?
nakagawa_munetsugu,中川棟次,Nakagawa Munetsugu,osaki,,,未確認,未確認,?,?,?,?,?,?
jinbo_nagayoshi,神保長城,Jinbo Nagayoshi,jinbo,,,未確認,未確認,?,?,?,?,?,?
jinbo_nagashige,神保長重,Jinbo Nagashige,jinbo,,,未確認,未確認,?,?,?,?,?,?
togi_yoshichika,砺波義周,Togi Yoshichika,jinbo,,,未確認,未確認,?,?,?,?,?,?
tsuchida_shigeyuki,土田重往,Tsuchida Shigeyuki,jinbo,,,未確認,未確認,?,?,?,?,?,?
miki_naoyori,三木直頼,Miki Naoyori,miki,1497,1554,Wikidata / verified data,生没年確認,○,×,×,×,×,×
miki_naotsugu,三木直次,Miki Naotsugu,miki,,,未確認,未確認,?,?,?,?,?,?
miki_yoshinaga,三木良長,Miki Yoshinaga,miki,,,未確認,未確認,?,?,?,?,?,?
miki_shigetaka,三木重孝,Miki Shigetaka,miki,,,未確認,未確認,?,?,?,?,?,?
miki_shigetomo,三木重頼,Miki Shigetomo,miki,,,未確認,未確認,?,?,?,?,?,?
bessho_nagaharu,別所長治,Bessho Nagaharu,bessho,1558,1580,Wikidata / verified data,生没年確認,×,×,×,○,○,×
bessho_yoshichika,別所義親,Bessho Yoshichika,bessho,,,未確認,未確認,?,?,?,?,?,?
bessho_tomoyuki,別所友之,Bessho Tomoyuki,bessho,1560,1580,Wikidata / verified data,生没年確認,×,×,×,○,○,×
bessho_yukishige,別所幸重,Bessho Yukishige,bessho,,,未確認,未確認,?,?,?,?,?,?
bessho_narishige,別所成重,Bessho Narishige,bessho,,,未確認,未確認,?,?,?,?,?,?
ichijo_kanefuyu,一条兼冬,Ichijo Kanefuyu,ichijo,1529,1554,Wikidata / verified data,生没年確認,○,×,×,×,×,×
ichijo_nobutsugu,一条信嗣,Ichijo Nobutsugu,ichijo,,,未確認,未確認,?,?,?,?,?,?
takaoka_chikafusa,高岡親定,Takaoka Chikafusa,ichijo,,,未確認,未確認,?,?,?,?,?,?
ken_chikamitsu,堅親光,Ken Chikamitsu,ichijo,,,未確認,未確認,?,?,?,?,?,?
endo_morikazu,遠藤盛数,Endo Morikazu,endo,,1562,Wikidata / verified data,一部確認,?,?,×,×,×,×
endo_yoshitaka_e,遠藤慶隆,Endo Yoshitaka,endo,1550,1632,Wikidata / verified data,生没年確認,×,×,○,○,○,○
endo_naosuke,遠藤直助,Endo Naosuke,endo,,,未確認,未確認,?,?,?,?,?,?
endo_masayoshi,遠藤政吉,Endo Masayoshi,endo,,,未確認,未確認,?,?,?,?,?,?
endo_noritsugu,遠藤則嗣,Endo Noritsugu,endo,,,未確認,未確認,?,?,?,?,?,?
tozawa_moriyasu,戸沢盛安,Tozawa Moriyasu,tozawa,1566,1590,Wikidata / verified data,生没年確認,×,×,×,×,×,○
tozawa_masakatsu,戸沢政勝,Tozawa Masakatsu,tozawa,,,未確認,未確認,?,?,?,?,?,?
tozawa_masayori,戸沢政頼,Tozawa Masayori,tozawa,,,未確認,未確認,?,?,?,?,?,?
tozawa_masafusa,戸沢政英,Tozawa Masafusa,tozawa,,,未確認,未確認,?,?,?,?,?,?
tozawa_masatsugu,戸沢正敦,Tozawa Masatsugu,tozawa,,,未確認,未確認,?,?,?,?,?,?
waga_yoshimichi,和賀義道,Waga Yoshimichi,waga,,,未確認,未確認,?,?,?,?,?,?
waga_yoshinobu,和賀義宣,Waga Yoshinobu,waga,,,未確認,未確認,?,?,?,?,?,?
waga_yoshichika,和賀義親,Waga Yoshichika,waga,,,未確認,未確認,?,?,?,?,?,?
waga_moritsuna,和賀守綱,Waga Moritsuna,waga,,,未確認,未確認,?,?,?,?,?,?
waga_yoshitsuna,和賀義綱,Waga Yoshitsuna,waga,,,未確認,未確認,?,?,?,?,?,?
hienuki_yoshinao,稗貫義尚,Hienuki Yoshinao,hienuki,,,未確認,未確認,?,?,?,?,?,?
hienuki_yoshitsuna,稗貫義綱,Hienuki Yoshitsuna,hienuki,,,未確認,未確認,?,?,?,?,?,?
hienuki_yoshimoto,稗貫義元,Hienuki Yoshimoto,hienuki,,,未確認,未確認,?,?,?,?,?,?
hienuki_morinobu,稗貫盛信,Hienuki Morinobu,hienuki,,,未確認,未確認,?,?,?,?,?,?
hienuki_norimoto,稗貫頼元,Hienuki Norimoto,hienuki,,,未確認,未確認,?,?,?,?,?,?
shiba_yoshimune,斯波義統,Shiba Yoshimune,shiba,1513,1554,Wikidata / verified data,生没年確認,○,×,×,×,×,×
shiba_yoshikane,斯波義銀,Shiba Yoshikane,shiba,1540,1600,Wikidata / verified data,生没年確認,×,○,○,○,○,○
shiba_yoshihiro_s,斯波義廉,Shiba Yoshihiro,shiba,1445,,Wikidata / verified data,一部確認,○,○,○,○,○,○
shiba_yoshinao_s,斯波義直,Shiba Yoshinao,shiba,,,未確認,未確認,?,?,?,?,?,?
kai_munemitsu,甲斐宗光,Kai Munemitsu,shiba,,,未確認,未確認,?,?,?,?,?,?
yura_narishige,由良成繁,Yura Narishige,yokose,1506,1578,Wikidata / verified data,生没年確認,○,○,○,○,○,×
yura_kunishige,由良国繁,Yura Kunishige,yokose,1550,1611,Wikidata / verified data,生没年確認,×,×,○,○,○,○
yokose_narikage,横瀬成景,Yokose Narikage,yokose,,,未確認,未確認,?,?,?,?,?,?
yokose_yasuuji,横瀬泰氏,Yokose Yasuuji,yokose,,,未確認,未確認,?,?,?,?,?,?
yura_nobuharu,由良信治,Yura Nobuharu,yokose,,,未確認,未確認,?,?,?,?,?,?
yuki_haruatsu,結城晴朝,Yuki Haruatsu,yuki,1534,1614,Wikidata / verified data,生没年確認,○,○,○,○,○,○
yuki_masauji,結城政氏,Yuki Masauji,yuki,,,未確認,未確認,?,?,?,?,?,?
tatebayashi_yoshikatsu,館林義勝,Tatebayashi Yoshikatsu,yuki,,,未確認,未確認,?,?,?,?,?,?
nishikata_masatsugu,西方政次,Nishikata Masatsugu,yuki,,,未確認,未確認,?,?,?,?,?,?
yuki_hirotomo,結城広朝,Yuki Hirotomo,yuki,,,未確認,未確認,?,?,?,?,?,?
kashima_yoriyuki,鹿島頼幸,Kashima Yoriyuki,kashima,,,未確認,未確認,?,?,?,?,?,?
kashima_yoshishige,鹿島義茂,Kashima Yoshishige,kashima,,,未確認,未確認,?,?,?,?,?,?
kashima_moritsune,鹿島盛規,Kashima Moritsune,kashima,,,未確認,未確認,?,?,?,?,?,?
kashima_morimasa,鹿島盛昌,Kashima Morimasa,kashima,,,未確認,未確認,?,?,?,?,?,?
kashima_harashima,鹿島治時,Kashima Harashima,kashima,,,未確認,未確認,?,?,?,?,?,?
nikaho_koretomo,仁賀保挙誠,Nikaho Koretomo,nikaho,1560,1624,Wikidata / verified data,生没年確認,×,×,×,○,○,○
nikaho_motomura,仁賀保元村,Nikaho Motomura,nikaho,,,未確認,未確認,?,?,?,?,?,?
nikaho_mototsugu,仁賀保元次,Nikaho Mototsugu,nikaho,,,未確認,未確認,?,?,?,?,?,?
nikaho_motonobu,仁賀保元信,Nikaho Motonobu,nikaho,,,未確認,未確認,?,?,?,?,?,?
nikaho_tadakata,仁賀保忠兼,Nikaho Tadakata,nikaho,,,未確認,未確認,?,?,?,?,?,?
shibata_shigemasa,新発田重家,Shibata Shigemasa,shibata_echigo,1547,1587,Wikidata / verified data,生没年確認,×,○,○,○,○,○
shibata_nagamasa,新発田長家,Shibata Nagamasa,shibata_echigo,,,未確認,未確認,?,?,?,?,?,?
shibata_mitsumasa,新発田光家,Shibata Mitsumasa,shibata_echigo,,,未確認,未確認,?,?,?,?,?,?
shibata_nagaosa,新発田長政,Shibata Nagaosa,shibata_echigo,,,未確認,未確認,?,?,?,?,?,?
shibata_nagashige_e,新発田長重,Shibata Nagashige,shibata_echigo,,,未確認,未確認,?,?,?,?,?,?
honma_yoshimura,本間義村,Honma Yoshimura,honma,,,未確認,未確認,?,?,?,?,?,?
honma_sadashige,本間定重,Honma Sadashige,honma,,,未確認,未確認,?,?,?,?,?,?
honma_yoshikata,本間義方,Honma Yoshikata,honma,,,未確認,未確認,?,?,?,?,?,?
honma_moritsuna,本間盛綱,Honma Moritsuna,honma,,,未確認,未確認,?,?,?,?,?,?
honma_noritsuna,本間典綱,Honma Noritsuna,honma,,,未確認,未確認,?,?,?,?,?,?
uchigashima_ujitomo,内ヶ島氏理,Uchigashima Ujitomo,uchigashima,,1586,Wikidata / verified data,一部確認,?,?,?,?,?,?
uchigashima_ujitsuna,内ヶ島氏綱,Uchigashima Ujitsuna,uchigashima,,,未確認,未確認,?,?,?,?,?,?
uchigashima_ujinaga,内ヶ島氏長,Uchigashima Ujinaga,uchigashima,,,未確認,未確認,?,?,?,?,?,?
uchigashima_ujiharu,内ヶ島氏春,Uchigashima Ujiharu,uchigashima,,,未確認,未確認,?,?,?,?,?,?
uchigashima_ujifusa,内ヶ島氏房,Uchigashima Ujifusa,uchigashima,,,未確認,未確認,?,?,?,?,?,?
suzuki_shigehide,鈴木重秀,Suzuki Shigehide,suzuki,1546,1586,Wikidata / verified data,生没年確認,×,○,○,○,○,○
suzuki_shigemori,鈴木重盛,Suzuki Shigemori,suzuki,,,未確認,未確認,?,?,?,?,?,?
suzuki_shigeyuki,鈴木重行,Suzuki Shigeyuki,suzuki,,,未確認,未確認,?,?,?,?,?,?
suzuki_shigenori,鈴木重則,Suzuki Shigenori,suzuki,1547,1589,Wikidata / verified data,生没年確認,×,○,○,○,○,○
suzuki_shigetoki,鈴木重朝,Suzuki Shigetoki,suzuki,1561,1623,Wikidata / verified data,生没年確認,×,×,×,○,○,○
akai_masamori,赤井政守,Akai Masamori,akai,,,未確認,未確認,?,?,?,?,?,?
akai_masashige,赤井政成,Akai Masashige,akai,,,未確認,未確認,?,?,?,?,?,?
akai_masatoshi,赤井正利,Akai Masatoshi,akai,,,未確認,未確認,?,?,?,?,?,?
akai_naotomo,赤井直朝,Akai Naotomo,akai,,,未確認,未確認,?,?,?,?,?,?
onodera_yoshimichi,小野寺義道,Onodera Yoshimichi,onodera,1566,1646,Wikidata / verified data,生没年確認,×,×,×,×,×,○
onodera_yoshinobu_o,小野寺義宣,Onodera Yoshinobu,onodera,,,未確認,未確認,?,?,?,?,?,?
onodera_terutada,小野寺輝道,Onodera Terutada,onodera,,,未確認,未確認,?,?,?,?,?,?
onodera_morinobu,小野寺盛信,Onodera Morinobu,onodera,,,未確認,未確認,?,?,?,?,?,?
onodera_kiyonobu,小野寺清信,Onodera Kiyonobu,onodera,,,未確認,未確認,?,?,?,?,?,?
nasu_sukeharu,那須資晴,Nasu Sukeharu,nasu,1557,1610,Wikidata / verified data,生没年確認,×,×,×,○,○,○
nasu_sukenobu,那須資之,Nasu Sukenobu,nasu,,,未確認,未確認,?,?,?,?,?,?
nasu_sukekatsu,那須資克,Nasu Sukekatsu,nasu,,,未確認,未確認,?,?,?,?,?,?
nasu_sukehide,那須資秀,Nasu Sukehide,nasu,,,未確認,未確認,?,?,?,?,?,?
nasu_masasuke,那須政資,Nasu Masasuke,nasu,,1546,Wikidata / verified data,一部確認,×,×,×,×,×,×
ashikaga_haruuji,足利晴氏,Ashikaga Haruuji,koga_ashikaga,1508,1560,Wikidata / verified data,生没年確認,○,○,×,×,×,×
ashikaga_fujiuji,足利藤氏,Ashikaga Fujiuji,koga_ashikaga,1550,,Wikidata / verified data,一部確認,×,×,○,○,○,○
ashikaga_yoshiuji,足利義氏,Ashikaga Yoshiuji,koga_ashikaga,,,未確認,未確認,?,?,?,?,?,?
sekido_ujimoto,関戸氏本,Sekido Ujimoto,koga_ashikaga,,,未確認,未確認,?,?,?,?,?,?
oowashi_kageyuki_k,大鷲景行,Oowashi Kageyuki,koga_ashikaga,,,未確認,未確認,?,?,?,?,?,?
sano_fusatsuna,佐野房綱,Sano Fusatsuna,sano,1558,1601,Wikidata / verified data,生没年確認,×,×,×,○,○,○
sano_mototsuna,佐野基綱,Sano Mototsuna,sano,,1238,Wikidata / verified data,一部確認,×,×,×,×,×,×
sano_narishige,佐野成繁,Sano Narishige,sano,,,未確認,未確認,?,?,?,?,?,?
sano_tsunetsuna,佐野綱綱,Sano Tsunetsuna,sano,,,未確認,未確認,?,?,?,?,?,?
sano_munetsuna,佐野宗綱,Sano Munetsuna,sano,1560,1585,Wikidata / verified data,生没年確認,×,×,×,○,○,○
daijo_harumasa,大乗政正,Daijo Harumasa,daijo,,,未確認,未確認,?,?,?,?,?,?
daijo_munekane,大乗宗兼,Daijo Munekane,daijo,,,未確認,未確認,?,?,?,?,?,?
daijo_noritsugu,大乗則次,Daijo Noritsugu,daijo,,,未確認,未確認,?,?,?,?,?,?
daijo_masatomo,大乗政朝,Daijo Masatomo,daijo,,,未確認,未確認,?,?,?,?,?,?
daijo_norimune,大乗則宗,Daijo Norimune,daijo,,,未確認,未確認,?,?,?,?,?,?
shiina_yasutane,椎名康胤,Shiina Yasutane,shiina,1505,1576,Wikidata / verified data,生没年確認,○,○,○,○,×,×
shiina_moritsune,椎名盛景,Shiina Moritsune,shiina,,,未確認,未確認,?,?,?,?,?,?
shiina_nagayuki,椎名長幸,Shiina Nagayuki,shiina,,,未確認,未確認,?,?,?,?,?,?
shiina_nagakane,椎名長兼,Shiina Nagakane,shiina,,,未確認,未確認,?,?,?,?,?,?
shiina_morihide,椎名盛秀,Shiina Morihide,shiina,,,未確認,未確認,?,?,?,?,?,?
horiuchi_ujiyoshi,堀内氏善,Horiuchi Ujiyoshi,horiuchi,1549,1609,Wikidata / verified data,生没年確認,×,×,○,○,○,○
horiuchi_ujimoto,堀内氏元,Horiuchi Ujimoto,horiuchi,,,未確認,未確認,?,?,?,?,?,?
horiuchi_ujishige,堀内氏重,Horiuchi Ujishige,horiuchi,,,未確認,未確認,?,?,?,?,?,?
horiuchi_ujinori,堀内氏則,Horiuchi Ujinori,horiuchi,,,未確認,未確認,?,?,?,?,?,?
horiuchi_ujifusa,堀内氏房,Horiuchi Ujifusa,horiuchi,,,未確認,未確認,?,?,?,?,?,?
kodera_masamoto_k,小寺政職,Kodera Masamoto,kodera,1529,1584,Wikidata / verified data,生没年確認,○,○,○,○,○,○
kodera_yoshichika,小寺吉誓,Kodera Yoshichika,kodera,,,未確認,未確認,?,?,?,?,?,?
kodera_noriyuki,小寺則職,Kodera Noriyuki,kodera,1495,1576,Wikidata / verified data,生没年確認,○,○,○,○,×,×
kodera_masanori,小寺政規,Kodera Masanori,kodera,,,未確認,未確認,?,?,?,?,?,?
kodera_masahide_k,小寺政英,Kodera Masahide,kodera,,,未確認,未確認,?,?,?,?,?,?
miura_yoshioki,三浦義意,Miura Yoshioki,miura,1496,1516,Wikidata / verified data,生没年確認,×,×,×,×,×,×
miura_yoshimoto_m,三浦義元,Miura Yoshimoto,miura,,,未確認,未確認,?,?,?,?,?,?
miura_yoshikiyo,三浦義清,Miura Yoshikiyo,miura,,,未確認,未確認,?,?,?,?,?,?
miura_yoshifusa,三浦義房,Miura Yoshifusa,miura,,,未確認,未確認,?,?,?,?,?,?
miura_yoshinaga,三浦義永,Miura Yoshinaga,miura,,,未確認,未確認,?,?,?,?,?,?
mimura_iechika,三村家親,Mimura Iechika,mimura,1517,1566,Wikidata / verified data,生没年確認,○,○,×,×,×,×
mimura_motochika,三村元親,Mimura Motochika,mimura,1550,1575,Wikidata / verified data,生没年確認,×,×,○,○,×,×
mimura_chikanari,三村親成,Mimura Chikanari,mimura,1550,1609,Wikidata / verified data,生没年確認,×,×,○,○,○,○
mimura_narimoto,三村成俊,Mimura Narimoto,mimura,,,未確認,未確認,?,?,?,?,?,?
mimura_noritsugu,三村則嗣,Mimura Noritsugu,mimura,,,未確認,未確認,?,?,?,?,?,?
motoyama_shigetoyo,本山茂辰,Motoyama Shigetoyo,motoyama,1525,1564,Wikidata / verified data,生没年確認,○,○,×,×,×,×
motoyama_chikamitsu,本山親茂,Motoyama Chikamitsu,motoyama,1545,1587,Wikidata / verified data,生没年確認,×,○,○,○,○,○
motoyama_shigetsugu,本山茂朝,Motoyama Shigetsugu,motoyama,,,未確認,未確認,?,?,?,?,?,?
motoyama_shigeyoshi,本山茂義,Motoyama Shigeyoshi,motoyama,,,未確認,未確認,?,?,?,?,?,?
motoyama_shigehide,本山茂秀,Motoyama Shigehide,motoyama,,,未確認,未確認,?,?,?,?,?,?
saionji_kinhiro,西園寺公広,Saionji Kinhiro,saionji,1537,1588,Wikidata / verified data,生没年確認,○,○,○,○,○,○
saionji_kinetada,西園寺公就,Saionji Kinetada,saionji,,,未確認,未確認,?,?,?,?,?,?
saionji_kinroku,西園寺公哉,Saionji Kinroku,saionji,,,未確認,未確認,?,?,?,?,?,?
saionji_kinsane,西園寺公実,Saionji Kinsane,saionji,,,未確認,未確認,?,?,?,?,?,?
saionji_kimura,西園寺公村,Saionji Kimura,saionji,,,未確認,未確認,?,?,?,?,?,?
arima_harunobu,有馬晴信,Arima Harunobu,arima,1567,1612,Wikidata / verified data,生没年確認,×,×,×,×,×,○
arima_yoshisada,有馬義貞,Arima Yoshisada,arima,1521,1577,Wikidata / verified data,生没年確認,○,○,○,○,×,×
arima_yoshinobu_a,有馬義宣,Arima Yoshinobu,arima,,,未確認,未確認,?,?,?,?,?,?
arima_masazumi,有馬正純,Arima Masazumi,arima,,,未確認,未確認,?,?,?,?,?,?
arima_mitsuhide_a,有馬光秀,Arima Mitsuhide,arima,,,未確認,未確認,?,?,?,?,?,?
omura_sumitada,大村純忠,Omura Sumitada,omura,1533,1587,Wikidata / verified data,生没年確認,○,○,○,○,○,○
omura_yoshiaki_o,大村喜前,Omura Yoshiaki,omura,1569,1616,Wikidata / verified data,生没年確認,×,×,×,×,×,○
omura_mitsunori,大村光則,Omura Mitsunori,omura,,,未確認,未確認,?,?,?,?,?,?
omura_yorichika,大村頼親,Omura Yorichika,omura,,,未確認,未確認,?,?,?,?,?,?
omura_sumiyoshi,大村純美,Omura Sumiyoshi,omura,,,未確認,未確認,?,?,?,?,?,?
kamachi_akimori,蒲池鑑盛,Kamachi Akimori,kamachi,1520,1578,Wikidata / verified data,生没年確認,○,○,○,○,○,×
kamachi_shigenori,蒲池宗盛,Kamachi Shigenori,kamachi,,,未確認,未確認,?,?,?,?,?,?
kamachi_norinobu,蒲池則信,Kamachi Norinobu,kamachi,,,未確認,未確認,?,?,?,?,?,?
kamachi_shigemori,蒲池重盛,Kamachi Shigemori,kamachi,,,未確認,未確認,?,?,?,?,?,?
kamachi_morimasa,蒲池盛雅,Kamachi Morimasa,kamachi,,,未確認,未確認,?,?,?,?,?,?
kikuchi_yoshimune,菊池義武,Kikuchi Yoshimune,kikuchi,1505,1554,Wikidata / verified data,生没年確認,○,×,×,×,×,×
kikuchi_yoshitaka_k,菊池義高,Kikuchi Yoshitaka,kikuchi,,,未確認,未確認,?,?,?,?,?,?
kikuchi_yoshinori_k,菊池義教,Kikuchi Yoshinori,kikuchi,,,未確認,未確認,?,?,?,?,?,?
kikuchi_yoshichika,菊池義親,Kikuchi Yoshichika,kikuchi,,,未確認,未確認,?,?,?,?,?,?
kikuchi_noriyuki,菊池則幸,Kikuchi Noriyuki,kikuchi,,,未確認,未確認,?,?,?,?,?,?
aso_koremitsu,阿蘇惟光,Aso Koremitsu,aso,1581,1593,Wikidata / verified data,生没年確認,×,×,×,×,×,×
aso_koretaka,阿蘇惟孝,Aso Koretaka,aso,,,未確認,未確認,?,?,?,?,?,?
aso_korenobu,阿蘇惟宣,Aso Korenobu,aso,,,未確認,未確認,?,?,?,?,?,?
aso_koretsugu,阿蘇惟次,Aso Koretsugu,aso,,,未確認,未確認,?,?,?,?,?,?
aso_koremoto,阿蘇惟元,Aso Koremoto,aso,,,未確認,未確認,?,?,?,?,?,?
ito_yoshisuke,伊東義祐,Ito Yoshisuke,ito,1512,1585,Wikidata / verified data,生没年確認,○,○,○,○,○,○
ito_suketaka,伊東祐能,Ito Suketaka,ito,,,未確認,未確認,?,?,?,?,?,?
ito_sukenaga,伊東祐長,Ito Sukenaga,ito,,,未確認,未確認,?,?,?,?,?,?
ito_yukimori,伊東行盛,Ito Yukimori,ito,,,未確認,未確認,?,?,?,?,?,?
ito_koresuke,伊東是祐,Ito Koresuke,ito,,,未確認,未確認,?,?,?,?,?,?
imai_sokyu,今井宗久,Imai Sokyu,,1520,1593,Wikidata / verified data,生没年確認,○,○,○,○,○,○
shimai_soshitsu,島井宗室,Shimai Soshitsu,,1539,1615,Wikidata / verified data,生没年確認,×,○,○,○,○,○
kamiya_sotan,神屋宗湛,Kamiya Sotan,,1551,1635,Wikidata / verified data,生没年確認,×,×,○,○,○,○
tsuda_sogyu,津田宗及,Tsuda Sogyu,,1550,1591,Wikidata / verified data,生没年確認,×,×,○,○,○,○
chaya_shirojiro,茶屋四郎次郎,Chaya Shirojiro,,,,未確認,未確認,?,?,?,?,?,?
tsukahara_bokuden,塚原卜伝,Tsukahara Bokuden,,1489,1571,Wikidata / verified data,生没年確認,○,○,○,×,×,×
ito_ittosai,伊東一刀斎,Ito Ittosai,,1560,1653,Wikidata / verified data,生没年確認,×,×,×,○,○,○
yagyu_munenori,柳生宗厳,Yagyu Munetoshi,,1527,1606,Wikidata / verified data,生没年確認,○,○,○,○,○,○
miyamoto_musashi,宮本武蔵,Miyamoto Musashi,,1584,1645,Wikidata / verified data,生没年確認,×,×,×,×,×,×
katayama_hoki,片山伯耆守,Katayama Hoki,,,,未確認,未確認,?,?,?,?,?,?
sen_no_rikyu,千利休,Sen no Rikyu,,1522,1591,Wikidata / verified data,生没年確認,○,○,○,○,○,○
furuta_oribe,古田織部,Furuta Oribe,,,,未確認,未確認,?,?,?,?,?,?
yamanoue_soji,山上宗二,Yamanoue Soji,,1544,1590,Wikidata / verified data,生没年確認,×,○,○,○,○,○
honami_koetsu,本阿弥光悦,Honami Koetsu,,1558,1637,Wikidata / verified data,生没年確認,×,×,×,○,○,○
oda_urakusai,織田有楽斎,Oda Urakusai,,,,未確認,未確認,?,?,?,?,?,?
kaikawa_shoki,快川紹喜,Kaikawa Shoki,,1500,1582,Wikidata / verified data,生没年確認,○,○,○,○,○,○
tenshitsu_koiku,天室光育,Tenshitsu Koiku,,1470,1563,Wikidata / verified data,生没年確認,○,○,×,×,×,×
sakugen_shuryo,策彦周良,Sakugen Shuryo,,1501,1579,Wikidata / verified data,生没年確認,○,○,○,○,○,×
kosai_soetsu,虎哉宗乙,Kosai Soetsu,,1530,1611,Wikidata / verified data,生没年確認,○,○,○,○,○,○
nanka_genko,南化玄興,Nanka Genko,,1538,1604,Wikidata / verified data,生没年確認,×,○,○,○,○,○
fujibayashi_nagato,藤林長門守,Fujibayashi Nagato,,,,未確認,未確認,?,?,?,?,?,?
momochi_sandayu,百地三太夫,Momochi Sandayu,,,,未確認,未確認,?,?,?,?,?,?
kato_danzo,加藤段蔵,Kato Danzo,,1503,1569,Wikidata / verified data,生没年確認,○,○,○,×,×,×
mochizuki_chiyome,望月千代女,Mochizuki Chiyome,,,,未確認,未確認,?,?,?,?,?,?
ishikawa_goemon,石川五右衛門,Ishikawa Goemon,,1558,1594,Wikidata / verified data,生没年確認,×,×,×,○,○,○
murakami_motoyoshi,村上元吉,Murakami Motoyoshi,,1553,1600,Wikidata / verified data,生没年確認,×,×,○,○,○,○
matsuura_takanobu,松浦隆信,Matsuura Takanobu,,1529,1599,Wikidata / verified data,生没年確認,○,○,○,○,○,○
kuki_yoshitaka,九鬼嘉隆,Kuki Yoshitaka,,1542,1600,Wikidata / verified data,生没年確認,×,○,○,○,○,○
obama_kagetaka,小浜景隆,Obama Kagetaka,,1540,1597,Wikidata / verified data,生没年確認,×,○,○,○,○,○
kai_soun,甲斐宗運,Kai Soun,,,,未確認,未確認,?,?,?,?,?,?
sagara_yoshihi,相良義陽,Sagara Yoshihi,,1544,1581,Wikidata / verified data,生没年確認,×,○,○,○,○,×
akaboshi_muneie,赤星統家,Akaboshi Muneie,,1530,1619,Wikidata / verified data,生没年確認,○,○,○,○,○,○
shimizu_muneharu,清水宗治,Shimizu Muneharu,,1537,1582,Wikidata / verified data,生没年確認,○,○,○,○,○,○
kushiro_katsutoshi,神代勝利,Kushiro Katsutoshi,,1511,1565,Wikidata / verified data,生没年確認,○,○,×,×,×,×
konoe_sakihisa,近衛前久,Konoe Sakihisa,,1536,1612,Wikidata / verified data,生没年確認,○,○,○,○,○,○
sanjonishi_sanetada,三条西実枝,Sanjonishi Sanetada,,1511,1579,Wikidata / verified data,生没年確認,○,○,○,○,○,×
yamashina_tokitsugu,山科言継,Yamashina Tokitsugu,,1507,1579,Wikidata / verified data,生没年確認,○,○,○,○,○,×
kajuji_harutoyo,勧修寺晴豊,Kajuji Harutoyo,,1544,1603,Wikidata / verified data,生没年確認,×,○,○,○,○,○
yoshida_kanemi,吉田兼見,Yoshida Kanemi,,1535,1610,Wikidata / verified data,生没年確認,○,○,○,○,○,○
tsugaru_tamenobu,津軽為信,Tsugaru Tamenobu,tsugaru,1550,1608,Wikidata / verified data,生没年確認,×,×,○,○,○,○
numata_sukemitsu,沼田祐光,Numata Sukemitsu,tsugaru,,1612,Wikidata / verified data,一部確認,?,?,?,?,?,?
kasai_chikanobu,葛西親信,Kasai Chikanobu,kasai,1513,1560,Wikidata / verified data,生没年確認,○,○,×,×,×,×
soma_morotane,相馬盛胤,Soma Morotane,soma,1476,1521,Wikidata / verified data,生没年確認,×,×,×,×,×,×
soma_takamitsu,相馬隆胤,Soma Takamitsu,soma,1551,1590,Wikidata / verified data,生没年確認,×,×,○,○,○,○
minato_suehide,湊季秀,Minato Suehide,ando,,,未確認,未確認,?,?,?,?,?,?
inawashiro_morikuni,猪苗代盛国,Inawashiro Morikuni,ashina,1536,,Wikidata / verified data,一部確認,○,○,○,○,○,○
kojima_motoshige,小島職鎮,Kojima Motoshige,jinbo,1450,,Wikidata / verified data,一部確認,○,○,○,○,○,○
miki_yoritsuna,三木自綱,Miki Yoritsuna,miki,,,未確認,未確認,?,?,?,?,?,?
daihoji_yoshimasu,大宝寺義増,Daihoji Yoshimasu,daihoji,1522,1581,Wikidata / verified data,生没年確認,○,○,○,○,○,×
tozenji_yoshinaga,東禅寺義長,Tozenji Yoshinaga,daihoji,1544,1588,Wikidata / verified data,生没年確認,×,○,○,○,○,○
ujiie_yoshitsugu,氏家吉継,Ujiie Yoshitsugu,osaki,,1591,Wikidata / verified data,一部確認,?,?,?,?,?,?
bessho_shigemune,別所重宗,Bessho Shigemune,bessho,1529,1591,Wikidata / verified data,生没年確認,○,○,○,○,○,○
doi_soshan,土居宗珊,Doi Soshan,ichijo,,,未確認,未確認,?,?,?,?,?,?
endo_yoshitaka,遠藤慶隆,Endo Yoshitaka,endo,1550,1632,Wikidata / verified data,生没年確認,×,×,○,○,○,○
tozawa_mitsumori,戸沢光盛,Tozawa Mitsumori,tozawa,1576,1592,Wikidata / verified data,生没年確認,×,×,×,×,×,×
waga_yoshitada,和賀義忠,Waga Yoshitada,waga,,,未確認,未確認,?,?,?,?,?,?
waga_muneyoshi,和賀宗義,Waga Muneyoshi,waga,,,未確認,未確認,?,?,?,?,?,?
hienuki_hirotada,稗貫広忠,Hienuki Hirotada,hienuki,,,未確認,未確認,?,?,?,?,?,?
hienuki_hironaga,稗貫広長,Hienuki Hironaga,hienuki,,,未確認,未確認,?,?,?,?,?,?
shiba_akinao,斯波詮直,Shiba Akinao,shiba,1548,,Wikidata / verified data,一部確認,×,×,○,○,○,○
shiba_tsunenao,斯波経詮,Shiba Tsunenao,shiba,,,未確認,未確認,?,?,?,?,?,?
yokose_narishige,横瀬成繁,Yokose Narishige,yokose,1450,1501,Wikidata / verified data,生没年確認,×,×,×,×,×,×
akai_teruko,赤井輝子,Akai Teruko,yokose,,,未確認,未確認,?,?,?,?,?,?
yuki_masakatsu,結城政勝,Yuki Masakatsu,yuki,1503,1559,Wikidata / verified data,生没年確認,○,×,×,×,×,×
yuki_harutomo,結城晴朝,Yuki Harutomo,yuki,1534,1614,Wikidata / verified data,生没年確認,○,○,○,○,○,○
kashima_harutoki,鹿島晴時,Kashima Harutoki,kashima,,,未確認,未確認,?,?,?,?,?,?
shimazaki_shigetane,島崎重胤,Shimazaki Shigetane,kashima,,,未確認,未確認,?,?,?,?,?,?
nikaho_kiyoshige,仁賀保清重,Nikaho Kiyoshige,nikaho,,,未確認,未確認,?,?,?,?,?,?
nikaho_morishige,仁賀保盛重,Nikaho Morishige,nikaho,,,未確認,未確認,?,?,?,?,?,?
shibata_shigeie,新発田重家,Shibata Shigeie,shibata_echigo,1547,1587,Wikidata / verified data,生没年確認,×,○,○,○,○,○
shibata_nagatsugu,新発田長敦,Shibata Nagatsugu,shibata_echigo,1538,1580,Wikidata / verified data,生没年確認,×,○,○,○,○,×
honma_takatou,本間高統,Honma Takatou,honma,1551,1589,Wikidata / verified data,生没年確認,×,×,○,○,○,○
honma_noriyasu,本間憲安,Honma Noriyasu,honma,,,未確認,未確認,?,?,?,?,?,?
uchigashima_ujimasa,内ヶ島氏理,Uchigashima Ujimasa,uchigashima,,1586,Wikidata / verified data,一部確認,?,?,?,?,?,?
uchigashima_tsuneuji,内ヶ島経氏,Uchigashima Tsuneuji,uchigashima,,,未確認,未確認,?,?,?,?,?,?
tsuchihashi_morishige,土橋守重,Tsuchihashi Morishige,suzuki,1550,1582,Wikidata / verified data,生没年確認,×,×,○,○,○,○
akai_tadaie,赤井忠家,Akai Tadaie,akai,1549,1605,Wikidata / verified data,生没年確認,×,×,○,○,○,○
matsuura_shigenobu,松浦鎮信,Matsuura Shigenobu,matsuura,1549,1614,Wikidata / verified data,生没年確認,×,×,○,○,○,○
sagara_yoshiaki,相良義陽,Sagara Yoshiaki,sagara,1544,1581,Wikidata / verified data,生没年確認,×,○,○,○,○,×
fukami_nagatoshi,深水長智,Fukami Nagatoshi,sagara,1532,1590,Wikidata / verified data,生没年確認,○,○,○,○,○,○
date_shigezane,伊達成実,Date Shigezane,date,1568,1646,Wikidata / verified data,生没年確認,×,×,×,×,×,○
ujiie_morinao,氏家守棟,Ujiie Morinao,mogami,1534,,Wikidata / verified data,一部確認,○,○,○,○,○,○
ota_sukemasa,太田資正,Ota Sukemasa,satake,1522,1591,Wikidata / verified data,生没年確認,○,○,○,○,○,○
masaki_tokishige,正木時茂,Masaki Tokishige,satomi,1513,1561,Wikidata / verified data,生没年確認,○,○,×,×,×,×
toyama_yasumitsu,遠山康光,Toyama Yasumitsu,hojo,,1579,Wikidata / verified data,一部確認,?,?,?,?,?,×
irobe_katsunaga,色部勝長,Irobe Katsunaga,uesugi,1493,1569,Wikidata / verified data,生没年確認,○,○,○,×,×,×
asakura_kagetake,朝倉景健,Asakura Kagetake,asakura,1536,1575,Wikidata / verified data,生没年確認,○,○,○,○,×,×
shichiri_yorichika,七里頼周,Shichiri Yorichika,honganji,1517,1576,Wikidata / verified data,生没年確認,○,○,○,○,×,×
hara_toratane,原虎胤,Hara Toratane,takeda,1497,1564,Wikidata / verified data,生没年確認,○,○,×,×,×,×
inaba_yoshimichi,稲葉良通,Inaba Yoshimichi,saito,1515,1589,Wikidata / verified data,生没年確認,○,○,○,○,○,○
sena_ujitoshi,瀬名氏俊,Sena Ujitoshi,imagawa,,,未確認,未確認,?,?,?,?,?,?
kawajiri_hidetaka,河尻秀隆,Kawajiri Hidetaka,oda,1527,1582,Wikidata / verified data,生没年確認,○,○,○,○,○,○
shindo_katamori,進藤賢盛,Shindo Katamori,rokkaku,,,未確認,未確認,?,?,?,?,?,?
atagi_fuyuyasu,安宅冬康,Atagi Fuyuyasu,miyoshi,1528,1564,Wikidata / verified data,生没年確認,○,○,×,×,×,×
amago_kunihisa,尼子国久,Amago Kunihisa,amago,1492,1554,Wikidata / verified data,生没年確認,○,×,×,×,×,×
kuchiba_michiyoshi,口羽通良,Kuchiba Michiyoshi,mori,1513,1582,Wikidata / verified data,生没年確認,○,○,○,○,○,○
kurushima_michifusa,来島通総,Kurushima Michifusa,kono,1562,1597,Wikidata / verified data,生没年確認,×,×,×,×,○,○
fukutome_chikamasa,福留親政,Fukutome Chikamasa,chosokabe,1511,1577,Wikidata / verified data,生没年確認,○,○,○,○,×,×
tawara_chikataka,田原親賢,Tawara Chikataka,otomo,,1600,Wikidata / verified data,一部確認,?,?,?,?,?,?
hyakutake_tomokane,百武賢兼,Hyakutake Tomokane,ryuzoji,1534,1584,Wikidata / verified data,生没年確認,○,○,○,○,○,○
uwai_kakuken,上井覚兼,Uwai Kakuken,shimazu,1545,1589,Wikidata / verified data,生没年確認,×,○,○,○,○,○
miyake_nagamori,三宅長盛,Miyake Nagamori,hatakeyama,1550,1582,Wikidata / verified data,生没年確認,×,×,○,○,○,○
araki_ujitsuna,荒木氏綱,Araki Ujitsuna,hatano,1550,,Wikidata / verified data,一部確認,×,×,○,○,○,○
tsuchida_yoshikiyo,土田義清,Tsuchida Yoshikiyo,oda_hitachi,,,未確認,未確認,?,?,?,?,?,?
shionoya_yoshitsuna,塩谷義綱,Shionoya Yoshitsuna,utsunomiya,1560,,Wikidata / verified data,一部確認,×,×,×,○,○,○
fujii_tomotada,藤井友忠,Fujii Tomotada,nagano,,,未確認,未確認,?,?,?,?,?,?
moriya_toshishige,守谷俊重,Moriya Toshishige,nikaido,,,未確認,未確認,?,?,?,?,?,?
inaba_michito,稲葉通任,Inaba Michito,isshiki,,,未確認,未確認,?,?,?,?,?,?
uragami_munekage,浦上宗景,Uragami Munekage,akamatsu,,,未確認,未確認,?,?,?,?,?,?
amenomori_kiyosada,雨森清貞,Amenomori Kiyosada,azai,,,未確認,未確認,?,?,?,?,?,?
katakura_kagetsuna,片倉景綱,Katakura Kagetsuna,date,1557,1615,Wikidata / verified data,生没年確認,×,×,×,○,○,○
rusu_masakage,留守政景,Rusu Masakage,date,1549,1607,Wikidata / verified data,生没年確認,×,×,○,○,○,○
shiroishi_munezane,白石宗実,Shiroishi Munezane,date,1553,1599,Wikidata / verified data,生没年確認,×,×,○,○,○,○
moniwa_tsunamoto,茂庭綱元,Moniwa Tsunamoto,date,1549,,Wikidata / verified data,一部確認,×,×,○,○,○,○
harada_munetoki,原田宗時,Harada Munetoki,date,1565,1593,Wikidata / verified data,生没年確認,×,×,×,×,○,○
endo_motonobu,遠藤基信,Endo Motonobu,date,1532,1585,Wikidata / verified data,生没年確認,○,○,○,○,○,○
kokubu_morishige,国分盛重,Kokubu Morishige,date,1553,1615,Wikidata / verified data,生没年確認,×,×,○,○,○,○
ishikawa_akimitsu,石川昭光,Ishikawa Akimitsu,date,1550,1622,Wikidata / verified data,生没年確認,×,×,○,○,○,○
watari_motomune,亘理元宗,Watari Motomune,date,1530,1594,Wikidata / verified data,生没年確認,○,○,○,○,○,○
nakano_munetoki,中野宗時,Nakano Munetoki,date,,,未確認,未確認,?,?,?,?,?,?
hojo_ujinao,北条氏直,Hojo Ujinao,hojo,1562,1591,Wikidata / verified data,生没年確認,×,×,×,×,○,○
hojo_ujinori,北条氏規,Hojo Ujinori,hojo,1545,1600,Wikidata / verified data,生没年確認,×,○,○,○,○,○
hojo_ujitada,北条氏忠,Hojo Ujitada,hojo,1550,1593,Wikidata / verified data,生没年確認,×,×,○,○,○,○
kasahara_yasumori,笠原康盛,Kasahara Yasumori,hojo,,,未確認,未確認,?,?,?,?,?,?
tominaga_naokatsu,富永直勝,Tominaga Naokatsu,hojo,1509,1564,Wikidata / verified data,生没年確認,○,○,×,×,×,×
narita_ujinaga,成田氏長,Narita Ujinaga,hojo,1542,1596,Wikidata / verified data,生没年確認,×,○,○,○,○,○
ueda_tomonao,上田朝直,Ueda Tomonao,hojo,1494,1582,Wikidata / verified data,生没年確認,○,○,○,○,○,○
matsuda_yasunaga,松田康長,Matsuda Yasunaga,hojo,1550,1590,Wikidata / verified data,生没年確認,×,×,○,○,○,○
itabeoka_kosetsusai,板部岡江雪斎,Itabeoka Kosetsusai,hojo,1537,1609,Wikidata / verified data,生没年確認,○,○,○,○,○,○
toyama_tsunakage,遠山綱景,Toyama Tsunakage,hojo,1513,1564,Wikidata / verified data,生没年確認,○,○,×,×,×,×
takeda_nobukado,武田信廉,Takeda Nobukado,takeda,1528,1582,Wikidata / verified data,生没年確認,○,○,○,○,○,○
ichijo_nobutatsu,一条信龍,Ichijo Nobutatsu,takeda,1539,1582,Wikidata / verified data,生没年確認,×,○,○,○,○,○
itagaki_nobukata,板垣信方,Itagaki Nobukata,takeda,1489,1548,Wikidata / verified data,生没年確認,×,×,×,×,×,×
amari_torayasu,甘利虎泰,Amari Torayasu,takeda,1498,1548,Wikidata / verified data,生没年確認,×,×,×,×,×,×
tsuchiya_masatsugu,土屋昌続,Tsuchiya Masatsugu,takeda,1544,1575,Wikidata / verified data,生没年確認,×,○,○,○,×,×
akiyama_nobutomo,秋山信友,Akiyama Nobutomo,takeda,,,未確認,未確認,?,?,?,?,?,?
hajikano_masatsugu,跡部勝資,Hajikano Masatsugu,takeda,,1582,Wikidata / verified data,一部確認,?,?,?,?,?,?
sanada_nobutsuna,真田信綱,Sanada Nobutsuna,takeda,1537,1575,Wikidata / verified data,生没年確認,○,○,○,○,×,×
sanada_masateru,真田昌輝,Sanada Masateru,takeda,1543,1575,Wikidata / verified data,生没年確認,×,○,○,○,×,×
yokota_takatoshi,横田高松,Yokota Takatoshi,takeda,1487,1550,Wikidata / verified data,生没年確認,○,×,×,×,×,×
naoe_nobutsuna,直江信綱,Naoe Nobutsuna,uesugi,,1581,Wikidata / verified data,一部確認,?,?,?,?,?,×
kitajo_takahiro,北条高広,Kitajo Takahiro,uesugi,1517,1590,Wikidata / verified data,生没年確認,○,○,○,○,○,○
yoshie_munenobu,吉江宗信,Yoshie Munenobu,uesugi,1505,1582,Wikidata / verified data,生没年確認,○,○,○,○,○,○
yasuda_nagahide,安田長秀,Yasuda Nagahide,uesugi,1517,1582,Wikidata / verified data,生没年確認,○,○,○,○,○,○
suibara_chikanori,水原親憲,Suibara Chikanori,uesugi,1546,1616,Wikidata / verified data,生没年確認,×,○,○,○,○,○
takenomata_yoshitsuna,竹俣慶綱,Takenomata Yoshitsuna,uesugi,1524,1582,Wikidata / verified data,生没年確認,○,○,○,○,○,○
chujo_fujisuke,中条藤資,Chujo Fujisuke,uesugi,1480,1568,Wikidata / verified data,生没年確認,○,○,○,×,×,×
honjo_hidetsuna,本庄秀綱,Honjo Hidetsuna,uesugi,,,未確認,未確認,?,?,?,?,?,?
irobe_nagazane,色部長実,Irobe Nagazane,uesugi,1553,1592,Wikidata / verified data,生没年確認,×,×,○,○,○,○
kanamari_chikatsuna,金丸親綱,Kanamari Chikatsuna,uesugi,,,未確認,未確認,?,?,?,?,?,?
oda_nobutada,織田信忠,Oda Nobutada,oda,1557,1582,Wikidata / verified data,生没年確認,×,×,×,○,○,○
oda_nobukatsu,織田信雄,Oda Nobukatsu,oda,1558,1630,Wikidata / verified data,生没年確認,×,×,×,○,○,○
oda_nobutaka,織田信孝,Oda Nobutaka,oda,1558,1583,Wikidata / verified data,生没年確認,×,×,×,○,○,○
tsuda_nobuzumi,津田信澄,Tsuda Nobuzumi,oda,1555,1582,Wikidata / verified data,生没年確認,×,×,○,○,○,○
kanamori_nagachika,金森長近,Kanamori Nagachika,oda,1524,1608,Wikidata / verified data,生没年確認,○,○,○,○,○,○
mori_nagayoshi,森長可,Mori Nagayoshi,oda,1558,1584,Wikidata / verified data,生没年確認,×,×,×,○,○,○
sakuma_morimasa,佐久間盛政,Sakuma Morimasa,oda,1554,1583,Wikidata / verified data,生没年確認,×,×,○,○,○,○
fuwa_mitsuharu,不破光治,Fuwa Mitsuharu,oda,1550,1580,Wikidata / verified data,生没年確認,×,×,○,○,○,×
hachiya_yoritaka,蜂屋頼隆,Hachiya Yoritaka,oda,1534,1589,Wikidata / verified data,生没年確認,○,○,○,○,○,○
murai_sadakatsu,村井貞勝,Murai Sadakatsu,oda,1528,1582,Wikidata / verified data,生没年確認,○,○,○,○,○,○
miyoshi_masayasu,三好政康,Miyoshi Masayasu,miyoshi,,,未確認,未確認,?,?,?,?,?,?
miyoshi_masakatsu,三好政勝,Miyoshi Masakatsu,miyoshi,,,未確認,未確認,?,?,?,?,?,?
miyoshi_nagaharu,三好長治,Miyoshi Nagaharu,miyoshi,1553,1577,Wikidata / verified data,生没年確認,×,×,○,○,×,×
sogo_masayasu,十河存保,Sogo Masayasu,miyoshi,1554,1587,Wikidata / verified data,生没年確認,×,×,○,○,○,○
atagi_nobuyasu,安宅信康,Atagi Nobuyasu,miyoshi,1549,1578,Wikidata / verified data,生没年確認,×,×,○,○,○,×
matsunaga_hisamichi,松永久通,Matsunaga Hisamichi,miyoshi,1543,1577,Wikidata / verified data,生没年確認,×,○,○,○,×,×
miyoshi_yasunaga,三好康長,Miyoshi Yasunaga,miyoshi,1550,,Wikidata / verified data,一部確認,×,×,○,○,○,○
yusa_nobunori,遊佐信教,Yusa Nobunori,miyoshi,1548,,Wikidata / verified data,一部確認,×,×,○,○,○,○
kozai_motonari,香西元成,Kozai Motonari,miyoshi,1518,1560,Wikidata / verified data,生没年確認,○,○,×,×,×,×
shinohara_jiton,篠原自遁,Shinohara Jiton,miyoshi,1550,,Wikidata / verified data,一部確認,×,×,○,○,○,○
katsura_motozumi,桂元澄,Katsura Motozumi,mori,1500,1569,Wikidata / verified data,生没年確認,○,○,○,×,×,×
kodama_naritada,児玉就忠,Kodama Naritada,mori,1506,1562,Wikidata / verified data,生没年確認,○,○,×,×,×,×
kunishi_motosuke,国司元相,Kunishi Motosuke,mori,1492,1592,Wikidata / verified data,生没年確認,○,○,○,○,○,○
awaya_motohide,粟屋元秀,Awaya Motohide,mori,1450,,Wikidata / verified data,一部確認,○,○,○,○,○,○
akagawa_motoyasu,赤川元保,Akagawa Motoyasu,mori,,1567,Wikidata / verified data,一部確認,?,?,×,×,×,×
iida_mototsugu,飯田元親,Iida Mototsugu,mori,,,未確認,未確認,?,?,?,?,?,?
kumagai_nobunao,熊谷信直,Kumagai Nobunao,mori,1507,1593,Wikidata / verified data,生没年確認,○,○,○,○,○,○
sugi_motonobu,杉元宣,Sugi Motonobu,mori,,1589,Wikidata / verified data,一部確認,?,?,?,?,?,?
amano_motomasa,天野元政,Amano Motomasa,mori,1559,1609,Wikidata / verified data,生没年確認,×,×,×,○,○,○
otomo_yoshimune,大友義統,Otomo Yoshimune,otomo,1558,1610,Wikidata / verified data,生没年確認,×,×,×,○,○,○
shiga_chikamori,志賀親守,Shiga Chikamori,otomo,,,未確認,未確認,?,?,?,?,?,?
yoshihiro_shigenobu,吉弘鎮信,Yoshihiro Shigenobu,otomo,,1578,Wikidata / verified data,一部確認,?,?,?,?,?,×
sasa_shigekane,佐伯惟教,Sasa Shigekane,otomo,,1578,Wikidata / verified data,一部確認,?,?,?,?,?,×
saeki_korenori,佐伯惟定,Saeki Korenori,otomo,1569,1618,Wikidata / verified data,生没年確認,×,×,×,×,×,○
bekki_shigetsura,戸次鎮連,Bekki Shigetsura,otomo,1550,1586,Wikidata / verified data,生没年確認,×,×,○,○,○,○
takita_shigekane,田北鎮周,Takita Shigekane,otomo,1543,1578,Wikidata / verified data,生没年確認,×,○,○,○,○,×
yoshizumi_nobumasa,吉住信将,Yoshizumi Nobumasa,otomo,,,未確認,未確認,?,?,?,?,?,?
kutsukake_akikane,朽網鑑康,Kutsukake Akikane,otomo,1502,1586,Wikidata / verified data,生没年確認,○,○,○,○,○,○
tachibana_naotsugu,立花直次,Tachibana Naotsugu,otomo,1573,1617,Wikidata / verified data,生没年確認,×,×,×,×,×,×
shimazu_tadatsune,島津忠恒,Shimazu Tadatsune,shimazu,1576,1638,Wikidata / verified data,生没年確認,×,×,×,×,×,×
shimazu_tadanaga,島津忠長,Shimazu Tadanaga,shimazu,1551,1610,Wikidata / verified data,生没年確認,×,×,○,○,○,○
shimazu_mochihisa,島津以久,Shimazu Mochihisa,shimazu,1550,,Wikidata / verified data,一部確認,×,×,○,○,○,○
shimazu_hisamichi,島津久通,Shimazu Hisamichi,shimazu,,,未確認,未確認,?,?,?,?,?,?
ijuin_tadaaki,伊集院忠棟,Ijuin Tadaaki,shimazu,1541,1599,Wikidata / verified data,生没年確認,×,○,○,○,○,○
yamada_arinobu,山田有信,Yamada Arinobu,shimazu,1544,1609,Wikidata / verified data,生没年確認,×,○,○,○,○,○
kawakami_tadakata,川上忠克,Kawakami Tadakata,shimazu,1507,1592,Wikidata / verified data,生没年確認,○,○,○,○,○,○
hongo_tokihisa,北郷時久,Hongo Tokihisa,shimazu,1530,1596,Wikidata / verified data,生没年確認,○,○,○,○,○,○
ei_hisatora,頴娃久虎,Ei Hisatora,shimazu,1558,1587,Wikidata / verified data,生没年確認,×,×,×,○,○,○
kamata_masatoshi,鎌田政年,Kamata Masatoshi,shimazu,1514,1583,Wikidata / verified data,生没年確認,○,○,○,○,○,○
onodera_shigemichi,小野寺茂道,Onodera Shigemichi,onodera,,,未確認,未確認,?,?,?,?,?,?
otawara_tsunekiyo,大田原綱清,Otawara Tsunekiyo,nasu,1538,1590,Wikidata / verified data,生没年確認,×,○,○,○,○,○
ashikaga_haruji,足利晴氏,Ashikaga Haruji,koga_ashikaga,1508,1560,Wikidata / verified data,生没年確認,○,○,×,×,×,×
yanada_haruyoshi,簗田晴助,Yanada Haruyoshi,koga_ashikaga,1524,1594,Wikidata / verified data,生没年確認,○,○,○,○,○,○
sano_masatsuna,佐野昌綱,Sano Masatsuna,sano,1529,1574,Wikidata / verified data,生没年確認,○,○,○,○,×,×
daijo_kiyomoto,大掾清幹,Daijo Kiyomoto,daijo,1573,1590,Wikidata / verified data,生没年確認,×,×,×,×,×,×
edo_shigemichi,江戸重通,Edo Shigemichi,daijo,1556,1598,Wikidata / verified data,生没年確認,×,×,×,○,○,○
kawada_nagachika,河田長親,Kawada Nagachika,shiina,1545,1581,Wikidata / verified data,生没年確認,×,○,○,○,○,×
yamamoto_takatoshi,山本隆俊,Yamamoto Takatoshi,horiuchi,,,未確認,未確認,?,?,?,?,?,?
miura_sadamori,三浦貞盛,Miura Sadamori,miura,,1568,Wikidata / verified data,一部確認,?,?,?,×,×,×
maki_hisamasa,牧尚春,Maki Hisamasa,miura,,,未確認,未確認,?,?,?,?,?,?
motoyama_shigetoki,本山茂辰,Motoyama Shigetoki,motoyama,1525,1564,Wikidata / verified data,生没年確認,○,○,×,×,×,×
yoshida_shigeyasu,吉田重康,Yoshida Shigeyasu,motoyama,,,未確認,未確認,?,?,?,?,?,?
doi_kiyoyoshi,土居清良,Doi Kiyoyoshi,saionji,1546,1629,Wikidata / verified data,生没年確認,×,○,○,○,○,○
arima_harumasa,有馬晴信,Arima Harumasa,arima,1567,1612,Wikidata / verified data,生没年確認,×,×,×,×,×,○
goto_takaaki,後藤貴明,Goto Takaaki,omura,1534,1583,Wikidata / verified data,生没年確認,○,○,○,○,○,○
kamachi_akanobu,蒲池鑑盛,Kamachi Akanobu,kamachi,1520,1578,Wikidata / verified data,生没年確認,○,○,○,○,○,×
kamachi_shigeyuki,蒲池鎮漣,Kamachi Shigeyuki,kamachi,1547,1581,Wikidata / verified data,生没年確認,×,○,○,○,○,×
kikuchi_yoshitake,菊池義武,Kikuchi Yoshitake,kikuchi,1505,1554,Wikidata / verified data,生没年確認,○,×,×,×,×,×
joh_chikakata,城親賢,Joh Chikakata,kikuchi,,,未確認,未確認,?,?,?,?,?,?
aso_koremasa,阿蘇惟将,Aso Koremasa,aso,1520,1583,Wikidata / verified data,生没年確認,○,○,○,○,○,○
kai_chikatada,甲斐親直,Kai Chikatada,aso,1550,1583,Wikidata / verified data,生没年確認,×,×,○,○,○,○
ito_sukeyasu,伊東祐安,Ito Sukeyasu,ito,,1572,Wikidata / verified data,一部確認,?,?,?,×,×,×
oda_nobuhide,織田信秀,Oda Nobuhide,oda,1510,1551,公開史料照合,生没年確認,○,×,×,×,×,×
saito_dosan,斎藤道三,Saito Dosan,saito,1494,1556,公開史料照合,生没年確認,○,×,×,×,×,×
kuroda_kanbei,黒田官兵衛,Kuroda Kanbei,kodera,1546,1604,公開史料照合,生没年確認,×,○,○,○,○,○
todo_takatora,藤堂高虎,Todo Takatora,oda,1556,1630,公開史料照合,生没年確認,×,×,×,○,○,○
ishida_mitsunari,石田三成,Ishida Mitsunari,oda,1560,1600,公開史料照合,生没年確認,×,×,×,○,○,○
fukushima_masanori,福島正則,Fukushima Masanori,oda,1561,1624,公開史料照合,生没年確認,×,×,×,○,○,○
kato_kiyomasa,加藤清正,Kato Kiyomasa,oda,1562,1611,公開史料照合,生没年確認,×,×,×,×,○,○
date_masamune,伊達政宗,Date Masamune,date,1567,1636,公開史料照合,生没年確認,×,×,×,×,×,○
yamauchi_kazutoyo,山内一豊,Yamauchi Kazutoyo,oda,1545,1605,公開史料照合,生没年確認,×,○,○,○,○,○
kobayakawa_hideaki,小早川秀秋,Kobayakawa Hideaki,oda,1582,1602,公開史料照合,生没年確認,×,×,×,×,×,×
araki_murashige,荒木村重,Araki Murashige,oda,1535,1586,公開史料照合,生没年確認,○,○,○,○,○,○
kuroda_nagamasa,黒田長政,Kuroda Nagamasa,oda,1568,1623,公開史料照合,生没年確認,×,×,×,×,×,○
sengoku_hidehisa,仙石秀久,Sengoku Hidehisa,chosokabe,1552,1614,公開史料照合,生没年確認,×,×,○,○,○,○
kono_michinao_elder,河野通直（前代）,Kono Michinao (Elder),kono,1500,1572,公開史料照合,生没年確認,○,○,○,×,×,×
